word,pos,definition,example,ipa,cefr,synonyms,antonyms,amharic,categories
abstain from,verb,"To restrain oneself from doing or enjoying something, especially drinking or voting.",Three council members chose to abstain from the final infrastructure zoning vote.,/æbˈsteɪn ˈfɹəm/,B2,refrain from | desist from | forgo | withhold vote,consume,መታቀብ | ራስን መከልከል (በተለይ ከአልኮል መጠጥ ወይም ከድምጽ አሰጣጥ ራስን ማግለል),food | dining
accelerate,verb,To increase in speed or rate; cause to happen sooner.,Investment in rural broadband will accelerate regional economic development.,/ækˈsɛɫɝˌeɪt/,B2,speed up | hasten | expedite | quicken,decelerate,ማፋጠን | ፍጥነት መጨመር (አንድ ነገር በፍጥነት እንዲጓዝ ወይም ቀድሞ እንዲከናወን ማድረግ),technology | digital
account for,verb,"To supply or make up a specified amount or proportion, or explain the cause of something.",Agricultural coffee exports account for a major share of national hard currency.,/əˈkaʊnt ˈfɔɹ/,B2,explain | constitute | represent | justify,,መንስኤ መሆን | ማስረዳት | ድርሻ መሸፈን (የአንድን ነገር ምክንያት ማብራራት ወይም የተወሰነ መጠን መወከል),actions | daily life
acquit,verb,To free someone from a criminal charge by a verdict of not guilty.,The magistrate had no option but to acquit the young man due to lack of evidence.,/əˈkwɪt/,B2,clear | discharge | exonerate | find innocent,convict | condemn | sentence,በነጻ ማሰናበት | ነጻ ማውጣት (ተከሳሽን ከወንጀል ክስ ነጻ ማድረግ),society | law
adhere to,verb,"To stick firmly to a surface, or believe in and follow the practices of a discipline.",Scientists must strictly adhere to biosafety laboratory disinfection protocols.,/ədˈhɪɹ ˈtu/,B2,stick to | comply with | follow | uphold,,አጥብቆ መከተል | መታዘዝ (መመሪያን፣ ደንብን ወይም መርህን ጠብቆ መተግበር),actions | daily life
adjourn,verb,Break off with the intention of resuming it later.,The magistrate decided to adjourn the court hearing until the following Tuesday morning.,/əˈdʒɝn/,B2,suspend | recess | postpone | break off,,ለሌላ ጊዜ ማስተላለፍ | ለጊዜው ማቆም (ስብሰባን ወይም የፍርድ ቤት ችሎትን ማራዘም),actions | daily life
alleviate,verb,"To make suffering, deficiency, or a problem less severe.",The emergency clinic distributed oral rehydration salts to alleviate cholera symptoms.,/əˈliːvieɪt/,B2,relieve | ease | mitigate | lessen,aggravate | worsen | intensify,ማቃለል | ማስታገስ (ህመምን፣ ስቃይን ወይም ችግርን ቀለል እንዲል ማድረግ),actions | daily life
antagonize,verb,Cause someone to become hostile.,His condescending remarks served only to antagonize the negotiating team.,/ænˈtæɡəˌnaɪz/,B2,provoke | alienate | anger | incense,,ማስቆጣት | ጠላት ማድረግ (አንድን ሰው በማበሳጨት ተቃዋሚ እንዲሆን ማነሳሳት),actions | daily life
anticipate,verb,To regard as probable; expect or predict.,Economists anticipate a steady rebound in export grain prices next quarter.,/ænˈtɪsəˌpeɪt/,B2,expect | foresee | predict | await,,አስቀድሞ መጠበቅ | መገመት (አንድ ነገር ወደፊት ሊከሰት እንደሚችል መገመት),actions | daily life
appeal,verb,To apply to a higher court for a reversal of the decision of a lower court.,Defense solicitors announced their intention to appeal the conviction in federal court.,/əˈpiɫ/,B2,plead | challenge | request retrial | contest,repel,ይግባኝ ማለት | አቤቱታ ማቅረብ (የታችኛው ፍርድ ቤት ውሳኔ እንዲሻር ለከፍተኛ ፍርድ ቤት ማመልከት),society | law
appraise,verb,To assess the value or quality of someone or something.,An independent gemologist will appraise the vintage jewelry before the auction.,/əˈpɹeɪz/,B2,evaluate | assess | estimate | value,,ዋጋ መገምገም | ማመዛዘን (የአንድን ዕቃ ዋጋ ወይም የአንድን ነገር ጥራት መለካት),technology | digital
apprehend,verb,"To arrest someone for a crime, or understand or perceive.",Federal marshals coordinated across provinces to apprehend the escaped fugitive.,/ˌæpɹɪˈhɛnd/,B2,arrest | catch | detain | capture,,በህግ ቁጥጥር ስር ማዋል | ማሰር (ወንጀለኛን መያዝ፤ ወይም አንድን ነገር በጥልቀት መረዳት),society | law
ascertain,verb,To find something out for certain; make sure of.,Detectives arrived at the warehouse to ascertain the precise cause of the fire.,/ˌæsərˈteɪn/,B2,determine | verify | establish | discover,overlook | disregard | misjudge,እውነታውን ማረጋገጥ | መርምሮ ማወቅ (አንድን ነገር በእርግጠኝነት ማወቅ ወይም መለየት),actions | daily life
automate,verb,To convert a process or facility to largely automatic operation.,Factories automate packaging lines to increase production throughput.,/ˈɔtəˌmeɪt/,B2,mechanize | computerize | digitalize,,በማሽን/በኮምፒውተር ማሰራት (ስራን በራስ-ሰር በሚሰሩ ቴክኖሎጂዎች ማከናወን),actions | daily life
brainstorm,verb,To produce an idea or way of solving a problem by holding a spontaneous group discussion.,The design crew met to brainstorm user interface improvements.,/ˈbɹeɪnˌstɔɹm/,B2,deliberate | generate ideas | formulate | ideate,,የጋራ ሀሳብ ማመንጨት | መወያየት (ችግርን ለመፍታት በቡድን ተሰብስቦ ሀሳብ ማፍለቅ),nature | science
bring about,verb,To cause something to happen.,Sustained civic mobilization helped bring about progressive labor legislation.,/ˈbɹɪŋ əˈbaʊt/,B2,cause | precipitate | induce | generate,take away,ማምጣት | እንዲከሰት ማድረግ (አንድ ለውጥ ወይም ሁኔታ እንዲፈጠር ምክንያት መሆን),technology | digital
capitalize on,verb,To take advantage of something; use something to one's advantage.,The startup managed to capitalize on surging regional demand for solar home lamps.,/ˈkæpətəˌɫaɪz ˈɑn/,B2,exploit | leverage | take advantage of | profit from,,በጥሩ ሁኔታ መጠቀም | አጋጣሚን መበዝበዝ (አንድን ምቹ ሁኔታ ወይም ዕድል ለራስ ጥቅም ማዋል),actions | daily life
cater to,verb,"To provide people with food and drink, or try to satisfy a particular need or demand.",Highland tourist lodges cater to international trekking enthusiasts.,/ˈkeɪtɝ ˈtu/,B2,serve | satisfy | accommodate | provide for,,ፍላጎትን ማሟላት | ማስተናገድ (የአንድን ወገን ልዩ ፍላጎት ወይም አገልግሎት ማቅረብ),food | dining
come up with,verb,"To produce something, especially when pressured or challenged, such as an idea or solution.",Engineers came up with an ingenious solar-powered cooling apparatus.,/ˈkəm ˈəp ˈwɪð/,B2,devise | invent | propose | formulate,,ማመንጨት | ማፍለቅ (አዲስ ሀሳብ፣ እቅድ ወይም መፍትሄ ማሰብና ማቅረብ),actions | daily life
comply with,verb,"To act in accordance with a wish, rule, or command.",Every commercial vessel must comply with international maritime safety codes.,/kəmˈpɫaɪ ˈwɪð/,B2,adhere to | abide by | observe | conform to,,መታዘዝ | ማክበር (ህግን፣ ደንብን ወይም መመሪያን አክብሮ መተግበር),arts | culture
comprise,verb,To consist of; be made up of.,The national parliament comprises five hundred and forty-seven elected representatives.,/kəmˈpɹaɪz/,B2,consist of | contain | encompass | include,,ማካተት | መያዝ | ማቀፍ (አንድ ነገር ከተወሰኑ ክፍሎች መዋቀር ወይም መገንባት),actions | daily life
concur,verb,To be of the same opinion; agree.,All three independent pediatric specialists concur with the preliminary diagnosis.,/kənˈkɝ/,B2,agree | assent | accord | coincide,disagree,በአንድ ሀሳብ መስማማት (ተመሳሳይ አመለካከት ወይም ውሳኔ መጋራት),actions | daily life
conform,verb,"To comply with rules, standards, or laws.",All imported electrical appliances must conform to national safety specifications.,/kənˈfɔɹm/,B2,comply | abide | adhere | follow,deviate,መለማመድ | መጣጣም (ከህግ፣ ከደረጃ ወይም ከባህል ጋር ተስማምቶ መሄድ),society | law
consolidate,verb,To combine a number of things into a single more effective or coherent whole.,The company plans to consolidate regional offices into one central operations hub.,/kənˈsɑɫɪˌdeɪt/,B2,merge | unite | integrate | strengthen,,ማጠናከር | ማቀናጀት (የተበታተኑ ነገሮችን ወይም ሃይልን በማሰባሰብ ጠንካራ ማድረግ),time | calendar
corroborate,verb,"To confirm or give support to a statement, theory, or finding.",Independent meteorological logs corroborate eyewitness accounts of the storm intensity.,/kɝˈɑbɝˌeɪt/,B2,confirm | verify | validate | endorse,negate,በማስረጃ ማረጋገጥ | መደገፍ (የአንድን ሰው ቃል ወይም ግኝት በእውነተኛ መረጃ ማጠናከር),society | law
curtail,verb,To reduce in extent or quantity; impose a restriction on.,The municipality decided to curtail public water usage during dry spells.,/kɜːrˈteɪl/,B2,reduce | cut back | restrict | diminish,extend | expand | lengthen | increase,መቀነስ | ማሳጠር | መገደብ (የአንድን ነገር መጠን፣ ወጪ ወይም ጊዜ መቀነስ),actions | daily life
deduce,verb,To arrive at a fact or a conclusion by reasoning; draw as a logical conclusion.,"From the fossil evidence, paleontologists deduce the dietary patterns of early hominids.",/dɪˈdus/,B2,infer | conclude | reason | gather,,ከመረጃ መደምደም | ማገናዘብ (ካሉ ማስረጃዎች በመነሳት ምክንያታዊ ድምዳሜ ላይ መድረስ),actions | daily life
default,verb,"To fail to fulfill an obligation, especially to repay a loan.",Borrowers who default on repayments risk property foreclosure and ruined credit.,/dɪˈfɔɫt/,B2,fail to pay | renege | forfeit | breach obligations,pay up,ውል ማፍረስ | እዳ አለመክፈል (የገባውን ቃል ኪዳን ወይም የብድር ክፍያ አለመወጣት),actions | daily life
delegate,verb,"To entrust a task or responsibility to another person, typically one who is less senior.",Effective leaders learn to delegate daily routine operational duties.,/ˈdɛɫəˌɡeɪt/,B2,assign | entrust | allocate | hand over,,ስልጣን መስጠት | ሃላፊነት ማስተላለፍ (ስራን ወይም ውክልናን ለሌላ ሰው መስጠት),people | society
delve into,verb,"To reach inside a receptacle, or investigate thoroughly.",The doctoral researcher will delve into nineteenth-century trade manuscripts.,/ˈdɛɫv ˈɪntu/,B2,investigate | explore | probe | research,,በጥልቀት መመርመር (አንድን ጉዳይ ወይም መረጃ በጥልቀት መፈተሽ),business | finance
deprecate,verb,"To express disapproval of, or declare a software feature obsolete and unsuitable for future use.",Software frameworks deprecate legacy network protocols in favor of secure TLS standards.,/ˈdɛpɹəˌkeɪt/,B2,phase out | declare obsolete | discontinue,,ማጣጣል | ተቀባይነት ማሳጣት (የማይፈለግ ማድረግ፤ በቴክኖሎጂ ጊዜው እንዳለፈበት ማስታወቅ),food | dining
deregulate,verb,To remove government regulations or restrictions from an industry or activity.,Lawmakers voted to deregulate civil aviation to encourage budget airline competition.,/ˌdiːˈrɛɡjuleɪt/,B2,liberalize | open up | desanction,regulate | control | restrict,ቁጥጥርን ማላላት (በኢኮኖሚ ወይም በንግድ ላይ ያለ የመንግስት ገደቦችን ማንሳት),society | law
deteriorate,verb,To become progressively worse.,"Without structural maintenance, unpaved dirt roads deteriorate rapidly during deluges.",/dɪˈtɪɹiɝˌeɪt/,B2,worsen | decline | decay | degenerate,recuperate,እየባሰ መሄድ | ማሽቆልቆል (ጥራቱ ወይም ሁኔታው ከጊዜ ወደ ጊዜ እየተበላሸ መሄድ),actions | daily life
diminish,verb,To make or become less.,Severe droughts diminish seasonal river flows across agricultural valleys.,/dɪˈmɪnɪʃ/,B2,decrease | reduce | lessen | shrink,increase,መቀነስ | መመናመን (በመጠን፣ በክብደት ወይም በዋጋ ማነስ),actions | daily life
disburse,verb,To pay out money from a fund.,The microfinance cooperative will disburse agricultural loans next Monday.,/dɪsˈbɝs/,B2,distribute | pay out | allocate | spend,,ወጪ ማድረግ | ገንዘብ ክፍያ መፈጸም (ከፈንድ ወይም ከበጀት ገንዘብ አውጥቶ መክፈል),business | finance
disembark,verb,"Leave a ship, aircraft, or other vehicle.",Passengers were requested to disembark from the aircraft through both doors.,/dɪsɛmˈbɑɹk/,B2,alight | step off | get off | exit,embark,ከመርከብ ወይም ከአውሮፕላን መውረድ (ከተሳፈሩበት መጓጓዣ መውረድ),travel | transport
disperse,verb,To distribute or spread over a wide area.,Gentle morning breezes disperse nocturnal industrial smoke across the valley.,/dɪˈspɝs/,B2,scatter | diffuse | distribute | spread,,መበተን | መበታተን (ወደ ተለያዩ አቅጣጫዎች እንዲበተኑ ማድረግ ወይም መበተን),actions | daily life
disqualify,verb,"Pronounce someone ineligible for an office, activity, or competition.",The track referee decided to disqualify the sprinter for two consecutive false starts.,/dɪsˈkwɑːlɪfaɪ/,B2,declare ineligible | bar | eliminate | rule out,qualify | admit | entitle | permit,ብቁ አለመሆን | ውድቅ ማድረግ (በህግ ወይም በመመሪያ ምክንያት ከአንድ ውድድር/ስራ ማገድ),actions | daily life
disseminate,verb,"To scatter or spread widely, especially information or knowledge.",Health authorities disseminate hygiene bulletins through community radio stations.,/dɪˈsɛmɪneɪt/,B2,circulate | broadcast | distribute | propagate,suppress | withhold | collect | conceal,ማሰራጨት (መረጃን፣ ዕውቀትን ወይም ዜናን ለብዙ ሰዎች ማድረስ),education | academic
diversify,verb,"To make or become more diverse or varied, especially in business investments.",Farmers diversify crop planting to minimize loss during irregular rainfall seasons.,/daɪˈvɝsəˌfaɪ/,B2,vary | expand | broaden | branch out,specialize | specialise,ማስፋፋት | ዘርፈ ብዙ ማድረግ (በተለይ በንግድና ኢንቨስትመንት አማራጮችን ማብዛት),business | finance
draw up,verb,"To prepare a plan, agreement, or other document in detail.",Legal solicitors met to draw up a comprehensive partnership contract.,/ˈdɹɔ ˈəp/,B2,draft | formulate | prepare | compose,push | deposit | repel,ማዘጋጀት | ማርቀቅ (እቅድን፣ ህግን ወይም ውልን በጽሁፍ ማዘጋጀት),actions | daily life
elucidate,verb,To make something clear; explain.,The guest lecturer utilized animated graphics to elucidate quantum superposition.,/ɪˈɫusəˌdeɪt/,B2,clarify | explain | illuminate | explicate,obfuscate,ማብራራት | ግልጽ ማድረግ (ውስብስብ ጉዳይን በቀላሉ እንዲረዳ አድርጎ ማስረዳት),time | calendar
embark on,verb,"To start doing something new, difficult, or important.",The university decided to embark on a multi-million-dollar robotics laboratory initiative.,/ɛmˈbɑɹk ˈɑn/,B2,commence | undertake | begin | initiate,disembark,አዲስ ነገር መጀመር (አስፈላጊ፣ አዲስ ወይም ከባድ ስራ/ጉዞ መጀመር),arts | culture
endeavor,verb,To try hard to do or achieve something.,Public health volunteers endeavor to educate every household on clean water filtration.,/ɪnˈdɛvɝ/,B2,strive | struggle | aspire | attempt,,ብርቱ ጥረት ማድረግ (አንድን ግብ ለማሳካት በሙሉ አቅም መሞከር),actions | daily life
enhance,verb,"To intensify, increase, or further improve the quality, value, or extent of.",Installing drip irrigation modules will enhance greenhouse crop productivity.,/ɛnˈhæns/,B2,improve | boost | augment | elevate,,ማሻሻል | ማሳደግ (ጥራትን፣ ውበትን ወይም ዋጋን ይበልጥ የተሻለ ማድረግ),actions | daily life
entail,verb,To involve something as a necessary or inevitable part or consequence.,Embarking on medical training entails years of disciplined academic study.,/ɛnˈteɪɫ/,B2,involve | require | necessitate | demand,,ማስከተል | ግድ ማለት (አንድ ሁኔታ የግድ የሚያመጣው ወይም የሚጠይቀው ነገር መሆን),arts | culture
eradicate,verb,To destroy completely; put an end to.,International immunization campaigns strive to eradicate wild polio virus transmission.,/ɪˈrædɪkeɪt/,B2,eliminate | wipe out | exterminate | destroy,preserve | foster | establish | cultivate,ከስሩ መንቀል | ጨርሶ ማጥፋት (በሽታን፣ ድህነትን ወይም መጥፎ ነገርን ሙሉ በሙሉ ማስወገድ),actions | daily life
exemplify,verb,To be a typical example of.,Ancient rock-hewn churches exemplify extraordinary indigenous civil architectural mastery.,/ɪɡˈzɛmplɪfaɪ/,B2,illustrate | represent | demonstrate | typify,obscure | misrepresent | conceal,ምሳሌ መሆን | ማሳያ መሆን (የአንድን ነገር ባህሪ ወይም መርህ በተግባር ማሳየት),education | academic
exonerate,verb,To officially absolve someone from blame for a fault or wrongdoing.,Fresh DNA sequencing evidence served to completely exonerate the wrongfully jailed suspect.,/ɪɡˈzɑnɝˌeɪt/,B2,acquit | absolve | clear | vindicate,convict,ከጥፋት ነጻ ማድረግ (አንድን ሰው ከተጠረጠረበት ወይም ከተከሰሰበት ወንጀል ነጻ ማወጅ),actions | daily life
extrapolate,verb,To extend the application of a method or conclusion to an unknown situation by assuming that existing trends will continue.,Meteorologists extrapolate future drought severity from century-long tree-ring archives.,/ɛkˈstɹæpəˌɫeɪt/,B2,deduce | project | estimate | generalize,,ካለው መረጃ ተነስቶ መገመት (አሁን ካለው ሁኔታ በመነሳት የወደፊቱን መገመት),technology | digital
facilitate,verb,To make an action or process easy or easier.,Digital banking mobile applications facilitate seamless daily retail commerce.,/fəˈsɪɫəˌteɪt/,B2,ease | enable | assist | expedite,,ማቀላጠፍ | ማመቻቸት (ስራ ወይም ሂደት ቀላል እንዲሆን ምቹ ሁኔታ መፍጠር),actions | daily life
fall through,verb,To fail to be completed or accomplished.,The real estate acquisition fell through when bank credit guarantees expired.,/ˈfɑɫ ˈθɹu/,B2,fail | collapse | founder | miscarry,ascend | rise | increase,ሳይሳካ መቅረት | መሰረዝ (የታሰበው እቅድ ወይም ውል ሳይፈጸም መቅረት),actions | daily life
fluctuate,verb,To rise and fall irregularly in number or amount.,Commodity export prices fluctuate depending on seasonal global harvests.,/ˈfɫəktʃəˌweɪt/,B2,oscillate | vary | swing | shift,,መዋዠቅ | አለመረጋጋት (ዋጋ ወይም መጠን በተደጋጋሚ ወደ ላይና ወደ ታች መለዋወጥ),actions | daily life
foster,verb,"To encourage or promote the development of something, typically something regarded as good.",School science fairs foster creative scientific curiosity among adolescent students.,/ˈfɑstɝ/,B2,encourage | nurture | promote | cultivate,,ማበረታታት | ማሳደግ (መልካም ሁኔታ ወይም ግንኙነት እንዲዳብር ድጋፍ መስጠት),actions | daily life
hold back,verb,"To hesitate or refrain from acting, or restrain progress.",Lack of capital investment held back rural agro-processing industrialization.,/ˈhoʊɫd ˈbæk/,B2,restrain | impede | deter | suppress,let go of | disagree,ወደ ኋላ ማለት | መግታት (ከመናገር፣ ከመተግበር ወይም ከማደግ ራስን ወይም ሌላን ማቆም),travel | transport
illuminate,verb,"To help to clarify or explain, or light up.",Recent archival discoveries illuminate international trade ties in medieval Africa.,/ˌɪˈɫumɪnɪt/,B2,clarify | explain | elucidate | brighten,,ማብራት | ግልጽ ማድረግ (በብርሃን ማብራት፤ ወይም ሀሳብን በሚገባ ማስረዳት),actions | daily life
impart,verb,"To make information known; communicate, or bestow a quality.",Experienced master weavers impart ancient loom techniques to youth apprentices.,/ˌɪmˈpɑɹt/,B2,communicate | convey | transmit | bestow,,ማስተላለፍ | ማካፈል (ዕውቀትን፣ መረጃን ወይም ክህሎትን ለሌላ ማስተማር),arts | culture
incorporate,verb,To take in or contain something as part of a whole; include.,The new municipal plan will incorporate bicycle paths into major road corridors.,/ˌɪnˈkɔɹpɝˌeɪt/,B2,integrate | include | absorb | blend,disintegrate,ማካተት | ማዋሃድ (አንድን አዲስ ነገር ከአጠቃላይ ስርዓት ጋር ማቀናጀት),arts | culture
induce,verb,"To succeed in persuading or influencing someone to do something, or bring about.",Severe dehydration can induce muscular spasms and acute disorientation.,/ˌɪnˈdus/,B2,cause | trigger | prompt | persuade,,ማነሳሳት | ማምጣት (አንድ ሰው የሆነ ነገር እንዲያደርግ ማሳመን ወይም ለውጥ ማምጣት),actions | daily life
infer,verb,To deduce or conclude information from evidence and reasoning rather than from explicit statements.,Readers can infer the protagonist's motives from subtle behavioral changes.,/ˌɪnˈfɝ/,B2,deduce | extrapolate | derive | surmise,,መረዳት | ማውጣት (ከተሰጡ መረጃዎች ወይም ሁኔታዎች ተነስቶ ፍሬ ነገርን መገንዘብ),society | law
initiate,verb,To cause a process or action to begin.,The ministry plans to initiate nationwide childhood vision screening in September.,/ˌɪˈnɪʃiˌeɪt/,B2,start | commence | launch | inaugurate,,መጀመር | ማስጀመር (አዲስ ስራ፣ ሂደት ወይም እንቅስቃሴ እንዲጀመር ማድረግ),actions | daily life
intensify,verb,To become or make more intense.,Rising summer midday temperatures intensify evaporation rates across reservoirs.,/ɪnˈtɛnsəˌfaɪ/,B2,escalate | amplify | sharpen | heighten,de-escalate,ማጠናከር | ማባባስ (ሁኔታው ይበልጥ ጠንካራ፣ ከፍተኛ ወይም አሳሳቢ እንዲሆን ማድረግ),actions | daily life
interrogate,verb,"To ask questions of someone, especially a suspect or a prisoner, closely, aggressively, or formally.",Detectives interrogate the key witness to resolve contradictions in his statement.,/ˌɪnˈtɛɹəˌɡeɪt/,B2,question | cross-examine | grill | probe,,በጥብቅ መጠየቅ | መመርመር (ተጠርጣሪን ወይም እስረኛን በህግ አግባብ ጥያቄ ማቅረብ),society | law
intervene,verb,To come between so as to prevent or alter a result or course of events.,Peacekeepers were deployed to intervene and defuse armed border tensions.,/ˌɪntɝˈvin/,B2,step in | mediate | arbitrate | intercede,,ጣልቃ መግባት | ማስታረቅ (አሉታዊ ውጤትን ለመከላከል ወይም ለማስተካከል መሀል መግባት),actions | daily life
lay off,verb,To discharge a worker temporarily or permanently because of a shortage of work.,The airline was forced to lay off hundreds of ground maintenance crew.,/ˈɫeɪ ˈɔf/,B2,dismiss | make redundant | discharge | retrench,stand | sit | arise,ከስራ ማሰናበት | መቀነስ (በስራ ወይም በገንዘብ እጥረት ሰራተኞችን ለጊዜው ወይም በቋሚነት ማሰናበት),actions | daily life
leverage,verb,To use something to maximum advantage.,Startups leverage social platforms to build brand recognition without exorbitant marketing.,/ˈɫɛvɝɪdʒ/,B2,utilize | exploit | harness | capitalize on,,ጥቅም ላይ ማዋል (ያለውን ሃብት ወይም አጋጣሚ ለከፍተኛ ውጤት መጠቀም),actions | daily life
make up for,verb,"To compensate for something lost, missed, or deficient.",Higher grain yields made up for early seasonal drought losses.,/ˈmeɪk ˈəp ˈfɔɹ/,B2,compensate for | offset | counterbalance | redress,,ማካካስ (የጠፋውን፣ ያመለጠውን ወይም የጎደለውን ነገር መተካት),actions | daily life
manifest,verb,To display or show a quality or feeling by one's acts or appearance; be evidence of.,Allergic reactions often manifest as skin rashes and respiratory wheezing.,/ˈmænəˌfɛst/,B2,display | exhibit | demonstrate | reveal,,በግልጽ መታየት | መገለጥ (ስሜትን ወይም ባህሪን በተግባርና በገጽታ ማሳየት),emotions | psychology
mitigate,verb,"To make less severe, serious, or painful.",Constructing seawalls helps mitigate coastal flood hazards during ocean storm surges.,/ˈmɪtəˌɡeɪt/,B2,alleviate | reduce | diminish | lessen,,ማቃለል | ጉዳቱን መቀነስ (የአደጋን፣ የበሽታን ወይም የስጋትን ክብደት መቀነስ),health | medicine
moderate,verb,"To make or become less extreme, intense, or violent.",High altitude cloud cover helps moderate scorching afternoon tropical heat.,/ˈmɑdɝˌeɪt/,B2,temper | lessen | mitigate | soften,,ማመጣጠን | ማረጋጋት (ጽንፈኝነትን ወይም ኃይለኛነትን መግታትና መካከለኛ ማድረግ),actions | daily life
modify,verb,"To make partial or minor changes to something, typically so as to improve it.",Engineers will modify the suspension dampers to handle rough unpaved mountain roads.,/ˈmɑdəˌfaɪ/,B2,alter | adjust | adapt | amend,,ማሻሻል | ማስተካከል (የተወሰነ ለውጥ በማድረግ የተሻለ እንዲሆን ማድረግ),arts | culture
narrow down,verb,To reduce the number of possibilities or choices.,The hiring committee managed to narrow down the candidates to three finalists.,/ˈnæɹoʊ ˈdaʊn/,B2,restrict | winnow | filter | reduce,widen | diversify,ማጥበብ | መለየት (ከብዙ አማራጮች መካከል በጥቂቱ ላይ መወሰን),actions | daily life
nationalize,verb,To transfer a major branch of industry or commerce from private to state ownership or control.,The revolutionary council chose to nationalize foreign petroleum assets.,/ˈnæʃənəˌɫaɪz/,B2,state-run | expropriate | publicize,denationalize | denationalise,የመንግስት ማድረግ (የግል ንብረት ወይም ድርጅት ወደ ህዝብ/መንግስት ይዞታ ማዛወር),society | law
necessitate,verb,To make something necessary as a result or consequence.,A fractured ankle will necessitate immediate orthopedic surgery and weeks of rest.,/nəˈsɛsɪteɪt/,B2,require | demand | entail | call for,preclude | obviate | prevent,ግድ ማለት | የግድ ማስፈለግ (አንድ ሁኔታ ሌላ እርምጃን ወይም ወጪን አስፈላጊ ማድረግ),actions | daily life
optimize,verb,"To make the best or most effective use of a situation, opportunity, or resource.",Engineers updated server configurations to optimize website loading speeds.,/ˈɑptəˌmaɪz/,B2,maximize | enhance | perfect | fine-tune,,ውጤታማ ማድረግ (አቅምን፣ አሰራርን ወይም ሃብትን ለላቀ ውጤት ማብቃት),actions | daily life
overhaul,verb,To examine thoroughly and make needed repairs or revisions.,The ministry plans to overhaul vocational training standards nationwide.,/ˌəʊvəˈhɔːl/,B2,renovate | revamp | reconstruct | rebuild,neglect | ignore | abandon,ሙሉ በሙሉ መጠገን / ማደስ (አሰራርን ወይም ማሽንን ፈትሾ እንደ አዲስ ማስተካከል),education | academic
paraphrase,verb,To express the meaning of a writer or speaker or something written or spoken using different words.,Students should paraphrase scholarly sources rather than inserting lengthy block quotations.,/ˈpɛɹəˌfɹeɪz/,B2,rephrase | rewrite | restate | summarize,,በሌላ አባባል መግለጽ (የአንድን ሰው ሀሳብ በራስ ቃላት ግልጽ አድርጎ ማቅረብ),communication
perpetuate,verb,"To make something, typically an undesirable situation or an unfounded belief, continue indefinitely.",Spreading unfounded rumors can perpetuate harmful ethnic stereotypes.,/pərˈpetʃueɪt/,B2,prolong | sustain | maintain | preserve,abolish | discontinue | eradicate | eliminate,እንዲቀጥል ማድረግ (መጥፎ ሁኔታ፣ ልማድ ወይም የተሳሳተ እምነት እንዳይጠፋ ማቆየት),actions | daily life
persist,verb,To continue firmly or obstinately in an opinion or course of action in spite of difficulty.,"If severe bronchial symptoms persist for over forty-eight hours, consult a physician.",/pɝˈsɪst/,B2,continue | endure | persevere | linger,,መጽናት | መግፋት (እንቅፋት ወይም ፈተና እያለ ተስፋ ሳይቆርጡ መቀጠል),actions | daily life
phase out,verb,To discontinue the use of something gradually in stages.,The municipality agreed to phase out single-use non-recyclable plastic bags.,/ˈfeɪz ˈaʊt/,B2,discontinue | eliminate gradually | wind down,,ደረጃ በደረጃ ማስቀረት (የአንድን ነገር አገልግሎት ቀስ በቀስ አቁሞ ማቆም),actions | daily life
poach,verb,"To illegally hunt or catch game or fish on land that is not one's own, or under legal protection.",Armed wildlife wardens patrol savannah corridors to deter criminals who poach elephants.,/pəʊtʃ/,B2,hunt illegally | trap unlawfully | trespass,protect | preserve,ህገ-ወጥ አደን ማካሄድ (የዱር እንስሳትን ያለፈቃድ ማደን ወይም ማጥመድ),society | law
portray,verb,To depict someone or something in a work of art or literature.,The novel's author sought to portray rural highland solidarity authentically.,/pɔɹˈtɹeɪ/,B2,depict | represent | describe | paint,,በስዕል/በጽሁፍ መግለጽ (ገጸ-ባህሪን ወይም ሁኔታን በኪነ-ጥበብ ማሳየት),arts | culture
postulate,verb,"To suggest or assume the existence, fact, or truth of something as a basis for reasoning, discussion, or belief.",Theoretical physicists postulate the existence of higher-dimensional spatial manifolds.,/ˈpɑstʃəˌɫeɪt/,B2,hypothesize | propose | assume | posit,obviate,እንደ መነሻ መውሰድ (ለክርክር ወይም ለምርምር ሲባል እውነት ነው ብሎ መገመት),communication
prevail,verb,To prove more powerful than opposing forces; be victorious.,"Despite immense hardship, courage and justice will ultimately prevail.",/pɹiˈveɪɫ/,B2,triumph | succeed | conquer | overcome,,ማሸነፍ | የበላይ መሆን (ከተቃዋሚ ወይም ከችግር በላይ ሆኖ ማሸነፍ),actions | daily life
privatize,verb,To transfer a business or service from public to private ownership and control.,The state telecommunication authority was partially privatized to attract foreign direct investment.,/ˈpɹɪvəˌtaɪz/,B2,denationalize | commercialize | sell off,,ወደ ግል ይዞታ ማዛወር (የመንግስት ድርጅትን ለግል ባለሃብቶች መሸጥ),business | finance
procure,verb,"To obtain something, especially with care or effort.",The aid mission managed to procure emergency water filtration modules.,/prəˈkjʊə/,B2,acquire | secure | obtain | source,lose | forfeit | relinquish,ማግኘት | ማቅረብ (በጥረት ወይም በግዢ የሚያስፈልጉ ዕቃዎችን ማሟላት),health | medicine
proliferate,verb,To increase rapidly in numbers; multiply.,"During warm rainy weeks, mosquito larvae proliferate in stagnant roadside pools.",/prəˈlɪfəreɪt/,B2,multiply | mushroom | surge | expand,dwindle | decrease | diminish | decline,በፍጥነት መራባት / መብዛት (በቁጥር ወይም በመጠን በፍጥነት መጨመር),actions | daily life
provoke,verb,"To stimulate or give rise to a reaction or emotion, typically a strong or unwelcome one.",Unfair salary reductions provoked widespread spontaneous labor walkouts.,/pɹəˈvoʊk/,B2,trigger | incite | instigate | inflame,,ማነሳሳት | መተኮስ (ጠንካራ ስሜትን ወይም ቁጣን እንዲፈጠር ማድረግ),emotions | psychology
pursue,verb,"To follow someone or something in order to catch or attack them, or continue or proceed along an activity.",Ambitious graduates pursue postgraduate specializations in renewable energy engineering.,/pɝˈsu/,B2,follow | chase | seek | undertake,,መከታተል | መከተል (ግብን ለማሳካት መጣር፤ ወይም ወንጀለኛን ማሳደድ),actions | daily life
put forward,verb,"To submit an idea, plan, or candidate for consideration.",The environmental coalition put forward a bold municipal recycling initiative.,/ˈpʊt ˈfɔɹwɝd/,B2,propose | suggest | submit | advocate,divest,ሀሳብ ማቅረብ (እቅድን፣ እጩን ወይም ምክርን ለውይይት ማቅረብ),time | calendar
reconcile,verb,"To make one view or belief compatible with another, or balance accounts.",Accountants worked overnight to reconcile bank receipts with ledger entries.,/ˈɹɛkənˌsaɪɫ/,B2,balance | harmonize | square | settle,,ማስታረቅ | ማስማማት (የተለያዩ አመለካከቶችን ወይም ሂሳቦችን ማጣጣም),actions | daily life
reconvene,verb,"Convene or cause to convene again, especially after a pause in proceedings.",Delegates will reconvene at two o'clock to finalize trade draft declarations.,/ɹikənˈvin/,B2,reassemble | meet again | resume | gather again,,እንደገና መሰብሰብ (ከእረፍት ወይም ካቋረጡ በኋላ ስብሰባን መልሶ መጀመር),actions | daily life
rectify,verb,To put something right; correct.,Technicians worked overnight to rectify mechanical faults in the hospital generator.,/ˈɹɛktəˌfaɪ/,B2,correct | resolve | remedy | fix,falsify,ማረም | ማስተካከል (የተሳሳተን ነገር በትክክል ማስተካከል),actions | daily life
refute,verb,To prove a statement or theory to be wrong or false; disprove.,Subsequent clinical trials refute the claim that the herbal tincture cures diabetes.,/ɹɪfˈjut/,B2,disprove | debunk | rebut | invalidate,,ማስተባበል | ውድቅ ማድረግ (የተባለው ሀሳብ ወይም ክስ ውሸት መሆኑን በማስረጃ ማረጋገጥ),society | law
reimburse,verb,To repay a person who has spent or lost money.,The corporation will reimburse travel and hotel expenditures upon receiving invoices.,/ˌriːɪmˈbɜːrs/,B2,repay | refund | compensate | recompense,charge | bill | fine,ካሳ መክፈል | ወጪ መተካት (ለአንድ ሰው ያወጣውን ገንዘብ መልሶ መስጠት),business | finance
reinforce,verb,"To strengthen or support an object or idea, especially with additional material.",Builders reinforce concrete foundations with heavy woven steel rebar.,/ˌɹiɪnˈfɔɹs/,B2,strengthen | fortify | bolster | support,,ማጠናከር | ማጎልበት (ግንብን፣ ሀሳብን ወይም አቋምን ይበልጥ ጠንካራ ማድረግ),actions | daily life
reiterate,verb,"To say something again or a number of times, typically for emphasis or clarity.",The prime minister chose to reiterate the government's commitment to climate targets.,/riˈɪtəreɪt/,B2,repeat | restate | emphasize | recount,retract | rescind | withdraw,ደጋግሞ መናገር (ሀሳብ በደንብ እንዲገባ ደጋግሞ ማብራራት),communication
relinquish,verb,To voluntarily cease to keep or claim; give up.,The aging abbot chose to relinquish administrative leadership to his successor.,/rɪˈlɪŋkwɪʃ/,B2,surrender | cede | give up | renounce,retain | keep | claim,መልቀቅ | መተው (ስልጣንን፣ መብትን ወይም ይዞታን በፈቃደኝነት መልቀቅ),actions | daily life
remit,verb,"To send money in payment or as a gift, or cancel or refrain from inflicting punishment.",Overseas diaspora workers remit earnings to support families and domestic development.,/ɹiˈmɪt/,B2,send money | transfer | wire | dispatch,,ገንዘብ መላክ | ይቅር ማለት (ክፍያን በባንክ መላክ፤ ወይም ቅጣትን ይቅር ማለት),business | finance
replicate,verb,"To make an exact copy of; reproduce, or duplicate a scientific experiment.",Independent biochemists were unable to replicate the controversial vaccine findings.,/ˈɹɛpɫəˌkeɪt/,B2,duplicate | reproduce | copy | recreate,,ተመሳሳይ ማድረግ | መቅዳት (የአንድን ነገር ቅጂ ማዘጋጀት ወይም ጥናትን ደግሞ ማከናወን),education | academic
restrain,verb,To prevent someone or something from doing something; keep under control or within limits.,Police officers intervened to restrain the agitated protester peacefully.,/ɹiˈstɹeɪn/,B2,control | curb | hold back | suppress,,መግታት | መቆጣጠር (አንድ ሰው መጥፎ ነገር እንዳያደርግ መከልከል ወይም መቆጣጠር),travel | transport
rule out,verb,To exclude something as a possibility.,Forensic toxicology assays ruled out bacterial poisoning as the cause of death.,/ˈɹuɫ ˈaʊt/,B2,exclude | eliminate | dismiss | disregard,,ውድቅ ማድረግ | ማስወገድ (አንድን ዕድል ወይም ግምት ሊሆን አይችልም ብሎ ማግለል),actions | daily life
salvage,verb,"To rescue a wrecked or disabled ship or its cargo from loss at sea, or save something from destruction.",Rescuers managed to salvage valuable scientific samples from the flooded laboratory.,/ˈsælvɪdʒ/,B2,rescue | save | recover | retrieve,abandon | forfeit | lose,ማዳን | ከመጥፋት መታደግ (የተበላሸን መርከብ፣ ንብረት ወይም ሁኔታ ከጥፋት ማትረፍ),travel | transport
scrutinize,verb,To examine or inspect closely and thoroughly.,Independent auditors scrutinize public procurement tenders to prevent malfeasance.,/ˈskɹutəˌnaɪz/,B2,examine | inspect | analyze | investigate,,በጥንቃቄ መመርመር (አንድን ነገር በጥልቀትና በጥንቃቄ መፈተሽ),education | academic
speculate,verb,"To invest in stocks, property, or other ventures in the hope of making a profit on price changes.",Currency traders speculate on fluctuations in foreign exchange parity.,/ˈspɛkjəˌɫeɪt/,B2,gamble | invest risks | venture | hypothesize,,ግምት መስጠት | በንግድ መወራረድ (ያለ ሙሉ ማስረጃ መገመት፤ ወይም በትርፍ ተስፋ ኢንቨስት ማድረግ),business | finance
stabilize,verb,"To make or become unlikely to change, fail, or decline.",Intravenous medication helped stabilize the trauma patient's falling blood pressure.,/ˈsteɪbəˌɫaɪz/,B2,steady | balance | secure | solidify,destabilize | destabilise,ማረጋጋት | ጸጥ ማድረግ (ዋጋን፣ ጤናን ወይም ፖለቲካን ወደ ተረጋጋ ሁኔታ ማምጣት),actions | daily life
stagnate,verb,"To cease developing, progressing, or flowing.","Without scientific innovation, manufacturing production will inevitably stagnate.",/ˈstæɡˌneɪt/,B2,decline | languish | stand still | stall,work,መቀዛቀዝ | አለመንቀሳቀስ (ዕድገት ወይም እንቅስቃሴ ቆሞ ባለበት መርገጥ),actions | daily life
stem from,verb,To originate in or be caused by something.,Many neighborhood traffic disputes stem from inadequate commercial parking facilities.,/ˈstɛm ˈfɹəm/,B2,originate from | arise from | derive from,,የሚመነጭ መሆን | መነሳት (የአንድ ነገር መነሻ ወይም ምክንያት መሆን),actions | daily life
step down,verb,To resign from an important position or office.,The embattled governor agreed to step down following the corruption verdict.,/ˈstɛp ˈdaʊn/,B2,resign | abdicate | stand down | retire,,ስልጣን መልቀቅ (ከከፍተኛ የኃላፊነት ቦታ በፈቃድ መውረድ),actions | daily life
stimulate,verb,"To raise levels of physiological or nervous activity in the body, or encourage development.",Public infrastructure investments stimulate private commercial job creation.,/ˈstɪmjəˌɫeɪt/,B2,encourage | prompt | trigger | energize,stifle | sedate | de-energize,ማነቃቃት | ማነሳሳት (አእምሮን፣ አካልን ወይም ኢኮኖሚን እንዲነቃቃ ማድረግ),health | medicine
streamline,verb,To make an organization or system more efficient and effective by employing faster or simpler methods.,The hospital overhauled booking procedures to streamline patient intake.,/ˈstriːmlaɪn/,B2,simplify | optimize | modernize | rationalize,complicate | encumber | obstruct,አሰራርን ማቅለል (ስራን ፈጣን እና ቀልጣፋ ለማድረግ አላስፈላጊ ሂደቶችን ማስቀረት),actions | daily life
strive for,verb,To make great efforts to achieve or obtain something.,Dedicated medical practitioners strive for excellence in patient safety standards.,/ˈstɹaɪv ˈfɔɹ/,B2,aspire to | aim for | pursue | work toward,,ብርቱ ጥረት ማድረግ (ለአንድ ትልቅ ግብ ወይም ስኬት በትጋት መታገል),food | dining
subcontract,verb,To employ a firm or person outside one's company to do work as part of a larger project.,The primary builder will subcontract electrical and plumbing installations.,/səbˈkɑnˌtɹækt/,B2,outsource | delegate | contract out | hire externally,,ንዑስ ውል መስጠት (የስራውን የተወሰነ ክፍል ለሌላ ውጫዊ ኩባንያ አሳልፎ መስጠት),business | finance
subside,verb,"To become less intense, violent, or severe.","Once the mountain storm subsided, rescue teams resumed the alpine search.",/səbˈsaɪd/,B2,abate | recede | die down | ease,intensify | escalate | surge | rise,መረጋጋት | መቀነስ (አውሎ ንፋስ፣ ህመም ወይም ሁከት እየቀነሰ መረጋጋት),actions | daily life
substantiate,verb,To provide evidence to support or prove the truth of something.,The investigative journalist produced documentary records to substantiate corruption allegations.,/səbˈstænʃiˌeɪt/,B2,corroborate | verify | confirm | validate,negate,በማስረጃ ማረጋገጥ (የተባለውን ነገር እውነት መሆኑን በተጨባጭ መረጃ ማሳየት),actions | daily life
succumb to,verb,"To fail to resist pressure, temptation, or an illness.",The ancient cedar trees finally succumbed to persistent bark beetle infestation.,/səˈkəm ˈtu/,B2,yield to | surrender to | give in | submit,survive,ተሸንፎ መውደቅ | መሸነፍ (ለፈተና፣ ለጫና ወይም ለበሽታ ተገዝቶ እጅ መስጠት),health | medicine
suppress,verb,To forcibly put an end to.,Authoritarian regimes attempt to suppress investigative reporting and civic dissent.,/səˈpɹɛs/,B2,quash | stifle | crush | extinguish,,በኃይል ማፈን | ማፈን (አመጽን፣ ተቃውሞን ወይም መረጃን በኃይል ማፈን),actions | daily life
sustain,verb,"To strengthen or support physically or mentally, or cause to continue for an extended period.",A balanced diet and adequate rest sustain peak athletic training capacity.,/səˈsteɪn/,B2,maintain | uphold | endure | nourish,negate,ማቆየት | መደገፍ (አንድን ነገር ለረጅም ጊዜ ሳይቋረጥ እንዲቀጥል መደገፍ),emotions | psychology
synthesize,verb,"To combine a number of things into a coherent whole, or produce chemically.",Graduate students must synthesize disparate historical archives into a coherent narrative.,/ˈsɪnθəˌsaɪz/,B2,integrate | blend | unify | harmonize,analyze,ማቀናጀት | ማዋሃድ (የተለያዩ ሀሳቦችን ወይም ኬሚካሎችን አንድ ላይ በማዋሃድ አዲስ ነገር ማዘጋጀት),actions | daily life
tolerate,verb,"To allow the existence, occurrence, or practice of something that one does not necessarily like or agree with without interference.",Democratic pluralism teaches citizens to tolerate diverse religious expressions.,/ˈtɑɫɝˌeɪt/,B2,endure | permit | allow | accept,,መታገስ | መቻል (የማይስማሙበትን ነገር ሳይቃወሙ በትዕግስት ማለፍ),fashion | clothing
transform,verb,"To make a thorough or dramatic change in the form, appearance, or character of.",Solar electrification will transform educational opportunities in rural off-grid villages.,/ˈtɹænsfɔɹm/,B2,revolutionize | reshape | alter | convert,,መቀየር | መለወጥ (የአንድን ነገር ቅርጽ፣ ገጽታ ወይም ባህሪ ሙሉ በሙሉ መለወጥ),technology | digital
trigger,verb,To cause an event or situation to happen or exist.,Sudden shifts in exchange rates can trigger rapid domestic consumer price inflation.,/ˈtɹɪɡɝ/,B2,cause | spark | provoke | precipitate,,መቀስቀስ | ማስነሳት (አንድ ክስተት ወይም ቀውስ እንዲፈጠር መንስኤ መሆን),technology | digital
undermine,verb,"To lessen the effectiveness, power, or ability of, especially gradually or insidiously.",Unchecked corruption can undermine public faith in democratic institutions.,/ˈəndɝˌmaɪn/,B2,weaken | sabotage | subvert | damage,,ማዳከም | ስር መቦርቦር (የአንድን ሰው ሃይል፣ ስልጣን ወይም እምነት ቀስ በቀስ ማዳከም),actions | daily life
undertake,verb,To commit oneself to and begin an enterprise or task.,The geological survey will undertake a detailed mapping of Rift Valley hot springs.,/ˈəndɝˌteɪk/,B2,commence | shoulder | begin | embark upon,,ኃላፊነት ወስዶ መጀመር (አንድን ከባድ ስራ ወይም ፕሮጀክት ለመስራት ቃል ገብቶ መጀመር),actions | daily life
underwrite,verb,"To sign and accept liability under an insurance policy, thus guaranteeing payment in case of loss, or finance.",Several international syndicates underwrite the hydroelectric dam construction.,/ˌʌndərˈraɪt/,B2,guarantee | insure | sponsor | finance,renege | default | repudiate,የዋስትና ሽፋን መስጠት (በኢንሹራንስ ዋስትና መስጠት ወይም የገንዘብ ድጋፍ ማድረግ),society | law
utilize,verb,To make practical and effective use of.,Engineers utilize local volcanic basalt to pave durable municipal walkways.,/ˈjutəˌɫaɪz/,B2,employ | use | harness | apply,,በጥቅም ላይ ማዋል (አንድን ነገር በተግባር ጠቃሚ ለሆነ አላማ መጠቀም),actions | daily life
validate,verb,To check or prove the validity or accuracy of something.,Clinical trials were conducted to validate the diagnostic accuracy of the rapid antigen test.,/ˈvæɫədeɪt/,B2,confirm | verify | substantiate | authenticate,invalidate,ተቀባይነት ማረጋገጥ (የአንድን ነገር ህጋዊነት፣ ትክክለኛነት ወይም እውነትነት ማረጋገጥ),time | calendar
veto,verb,To exercise a constitutional right to refuse to approve a legislative bill or decision.,The executive president chose to veto the controversial fiscal spending bill.,/ˈviˌtoʊ/,B2,reject | turn down | disallow | prohibit,permit | allow,ድምጽን በድምጽ መሻር (የቀረበን ህግ ወይም ውሳኔ በስልጣን ውድቅ ማድረግ),technology | digital
wind up,verb,"To bring to an end a speech or meeting, or find oneself in an unexpected state.",The chairperson asked the speaker to wind up her introductory remarks.,/ˈwaɪnd ˈəp/,B2,conclude | terminate | end up | finalize,unwind,መደምደም | መጨረስ (ስብሰባን ወይም ንግግርን ማጠናቀቅ፤ ወይም ባልታሰበ ሁኔታ ውስጥ መገኘት),society | law
advantageous,adjective,Involving or creating favorable circumstances that increase the chances of success or effectiveness.,Bilingualism provides an advantageous competitive edge in multilateral diplomatic careers.,/ˌædvənˈteɪdʒəs/,B2,beneficial | favorable | helpful | valuable,disadvantageous,ጠቃሚ | አትራፊ (ስኬታማ ለመሆን ወይም ውጤት ለማግኘት ምቹ ሁኔታ የሚፈጥር),food | dining
adverse,adjective,Preventing success or development; harmful; unfavorable.,The pharmaceutical trial was halted due to unexpected adverse patient reactions.,/ˈædˌvɝs/,B2,unfavorable | hostile | harmful | contrary,favorable,ጎጂ | የማይመች (ስኬትን ወይም እድገትን የሚያደናቅፍ፤ ተቃራኒ),description | character
aerobic,adjective,"Relating to, involving, or requiring free oxygen, especially physical exercise.","Brisk walking, lap swimming, and bicycling are exemplary aerobic exercises for heart health.",/ɛˈɹoʊbɪk/,B2,oxygen-using | cardio | endurance-based,anaerobic,የኦክስጅን | የልብና ሳንባ እንቅስቃሴ (ከኦክስጅን ጋር የተያያዘ፤ የሰውነት እንቅስቃሴ),health | medicine
aesthetic,adjective,Concerned with beauty or the appreciation of beauty.,The minimalist church architecture achieves profound spiritual aesthetic elegance.,/ɛsˈθɛtɪk/,B2,artistic | tasteful | visually pleasing | beautiful,inaesthetic,ውበት ነክ | የስነ-ውበት (ከውበት እና ከኪነ-ጥበብ አድናቆት ጋር የተገናኘ),technology | digital
affluent,adjective,Having a great deal of money; wealthy.,Electric vehicles and organic specialty supermarkets are prevalent in affluent suburbs.,/ˈæfluənt/,B2,wealthy | prosperous | rich | opulent,impoverished | poor | destitute,ባለጸጋ | ሃብታም (ብዙ ገንዘብና ንብረት ያለው),business | finance
altruistic,adjective,Showing a disinterested and selfless concern for the well-being of others; unselfish.,She devoted her retirement years to altruistic community literacy programs.,/ˌɔɫtɹuˈɪstɪk/,B2,unselfish | selfless | philanthropic | benevolent,egoistic,ሰብአዊ | ለሌሎች አሳቢ (የራስን ጥቅም ሳያስቡ ለሌሎች ደህንነት የሚቆረቆር),description | character
ambiguous,adjective,Open to more than one interpretation; not having one obvious meaning.,The diplomatic communiqué used intentionally ambiguous language to preserve accord.,/æmˈbɪɡjuəs/,B2,equivocal | double-meaning | vague | obscure,unequivocal | unambiguous,አሻሚ | ግልጽ ያልሆነ (ከአንድ በላይ ትርጉም ሊኖረው የሚችል፤ ግራ የሚያጋባ),description | character
amicable,adjective,Having a spirit of friendliness; without serious disagreement or rancor.,The business partners agreed to an amicable dissolution of their joint consultancy.,/ˈæmɪkəbəɫ/,B2,friendly | cordial | peaceful | harmonious,hostile,ሰላማዊ | የወዳጅነት (ያለ ጠብ ወይም አለመግባባት በወዳጅነት የተሞላ),people | society
anaerobic,adjective,Relating to or denoting exercise that does not improve the efficiency of the body's cardiovascular system in absorbing and transporting.,Sprint intervals and heavy weightlifting rely on anaerobic energy metabolic pathways.,/ˌænɝˈoʊbɪk/,B2,high-intensity | oxygen-independent | burst-power,aerobic,ኦክስጅን አልባ (ያለ ነጻ ኦክስጅን የሚከናወን የአካል ብቃት እንቅስቃሴ ወይም ሂደት),health | medicine
apprehensive,adjective,Anxious or fearful that something bad or unpleasant will happen.,First-time skydivers felt understandably apprehensive before stepping out of the aircraft.,/ˌæpɹiˈhɛnsɪv/,B2,anxious | uneasy | worried | fearful,unperceptive | easy | unafraid,ሰጋተኛ | የተጨነቀ (መጥፎ ነገር እንዳይከሰት በፍርሃትና በስጋት ውስጥ ያለ),emotions | psychology
arbitrary,adjective,"Based on random choice or personal whim, rather than any reason or system.",The court condemned the authoritarian regime's arbitrary detention of journalists.,/ˈɑɹbəˌtɹɛɹi/,B2,capricious | random | whimsical | unreasoned,nonarbitrary,ዘፈቀደ | የራስ ፈቃድ (ያለ በቂ ምክንያት ወይም ህግ በግል ፍላጎት የተወሰነ),people | society
barring,preposition,Except for; if not for.,"Barring unforeseen monsoon landslides, the alpine highway opens next Friday morning.",/ˈbɑɹɪŋ/,B2,except for | excluding | failing | save for,,ካልሆነ በቀር | ካልገጠመ በቀር (አንድ ሁኔታ ካልተፈጠረ በስተቀር),grammar | structure
by virtue of,preposition,Because or as a result of.,She secured the diplomatic ambassadorship by virtue of her long international legal experience.,/ˈbaɪ ˈvɝtʃu ˈəv/,B2,by means of | because of | on account of | owing to,,በ... ምክንያት | በ... የተነሳ (በአንድ ነገር ወይም መብት ውጤት ምክንያት),grammar | structure
in light of,preposition,Taking something into consideration.,"In light of recent seismic readings, geological surveyors halted tunnel excavation.",/ˈɪn ˈɫaɪt ˈəv/,B2,considering | taking into account | in view of,,ግምት ውስጥ በማስገባት (አዲስ ሁኔታን ወይም መረጃን ከግምት ውስጥ በማስገባት),grammar | structure
irrespective of,preposition,Not taking something into account; regardless of.,Every citizen is entitled to equal medical dignity irrespective of socioeconomic background.,/ˌɪɹəˈspɛktɪv ˈəv/,B2,regardless of | without regard to | notwithstanding,,ሳይለይ | ምንም ይሁን ምን (አንድን ነገር ከግምት ሳያስገቡ፤ ያለ ልዩነት),grammar | structure
notwithstanding,preposition,In spite of.,"Notwithstanding unseasonal monsoon deluges, the bridge construction finished on schedule.",/ˌnɒtwɪθˈstændɪŋ/,B2,despite | in spite of | regardless of,because of | owing to,ቢሆንም | ምንም እንኳን (የሆነ ችግር ወይም ክስተት ቢኖርም),grammar | structure
pending,preposition,"Awaiting decision or settlement, or until.",The construction site work was halted pending environmental impact assessments.,/ˈpɛndɪŋ/,B2,awaiting | until | during | unresolved,,እስኪወሰን ድረስ | በእንጥልጥል ያለ (የመጨረሻ ውሳኔ እስኪያገኝ ድረስ),grammar | structure
albeit,conjunction,Though.,"He accepted the rural posting, albeit with reservations regarding laboratory supplies.",/ɔɫˈbiɪt/,B2,although | even though | though | even if,,ምንም እንኳን | ቢሆንም (አንድን ገላጭ ሀሳብ ለማስገባት የሚያገለግል),grammar | structure
as a matter of fact,adverb,In reality; actually (used to introduce a point).,"As a matter of fact, the flight arrived twenty minutes ahead of schedule.",/ˈæz ˈeɪ ˈmætɝ ˈəv ˈfækt/,B2,actually | in fact | in reality | truth be told,,በእውነቱ | እንዲያውም (እውነታውን ለማስረዳት የሚነገር),manner | context
at stake,adverb,At risk; in question; in jeopardy.,"With millions of jobs at stake, the government convened an emergency cabinet session.",/ˈæt ˈsteɪk/,B2,at risk | in jeopardy | endangered | in the balance,,አደጋ ላይ ያለ | አጠራጣሪ (በአደጋ ወይም በስጋት ውስጥ የወደቀ),manner | context
at the expense of,adverb,So as to cause harm or damage to someone or something.,Rapid industrialization should not proceed at the expense of clean community drinking water.,/ˈæt ˈðə ɪkˈspɛns ˈəv/,B2,to the detriment of | sacrificing | harming,,በ... ኪሳራ | ሌላውን በመጉዳት (አንዱን ጠቅሞ ሌላውን ጎጂ በሆነ መንገድ),manner | context
back to square one,adverb,"Back to the beginning, having achieved nothing.","When the laboratory computer crashed without a backup, the physics team was back to square one.",/ˈbæk ˈtu ˈskwɛɹ ˈwən/,B2,back to the beginning | starting over | back to zero,,እንደገና ከመነሻው መጀመር (ያለ ምንም ውጤት ወደ ቀድሞ ዜሮ መመለስ),manner | context
beat around the bush,adverb,Discuss a matter without coming to the point.,Stop beating around the bush and inform the committee why the project deadline was missed.,/ˈbit ɝˈaʊn ˈðə ˈbʊʃ/,B2,equivocate | prevaricate | talk in circles | stall,,ነገሩን ማድበስበስ (ዋናውን ጉዳይ ከመናገር ዙሪያ ጥምጥም መሄድ),food | dining
bite the bullet,adverb,Decide to do something difficult or unpleasant that one has been putting off.,"Facing mounting debts, the company chose to bite the bullet and sell its downtown headquarters.",/ˈbaɪt ˈðə ˈbʊɫət/,B2,face the music | brace oneself | swallow the bitter pill,,ጥርሱን ነክሶ መቀበል (የማይቀረውን አስቸጋሪ ሁኔታ በድፍረት መጋፈጥ),fashion | clothing
break the ice,adverb,Make people feel more relaxed with each other at a social gathering.,The workshop moderator organized a light introductory game to break the ice.,/ˈbɹeɪk ˈðə ˈaɪs/,B2,ease tension | initiate conversation | loosen up,,መግባባት መፍጠር (በመጀመሪያው ግንኙነት የነበረውን ጭንቀት በማስወገድ ንግግር መጀመር),emotions | psychology
burn bridges,adverb,"Destroy one's path, connections, or reputation so that return is impossible.",Quitting without notice burns professional bridges with former employers.,/ˈbɝn ˈbɹɪdʒəz/,B2,sever ties | destroy connections | make return impossible,,የመመለሻ መንገድን ማበላሸት (ግንኙነትን ፈጽሞ እንዳይታደስ አድርጎ ማበላሸት),fashion | clothing
burn the midnight oil,adverb,Read or work late into the night.,Medical residents burn the midnight oil preparing for their licensing examinations.,/ˈbɝn ˈðə ˈmɪdˌnaɪt ˈɔɪɫ/,B2,work late | stay up late | study into the night,,እስከ እኩለ ሌሊት መስራት / ማጥናት (በሌሊት እንቅልፍ አጥቶ በስራ መጠመድ),time | calendar
by no means,adverb,Not at all; certainly not.,Securing the preliminary agreement is by no means the end of negotiations.,/ˈbaɪ ˈnoʊ ˈminz/,B2,not at all | definitely not | under no circumstances,,ፈጽሞ አይሆንም | በጭራሽ (ፈጽሞ የማይቻል ወይም ተቀባይነት የሌለው),manner | context
consequently,adverb,As a result.,"River silt accumulated behind the barrier; consequently, reservoir storage dropped.",/ˈkɑnsəˌkwɛntɫi/,B2,as a result | therefore | accordingly | hence,,በዚህም ምክንያት | በመሆኑም (በቀደመው ነገር የተነሳ የተከሰተ ውጤት),manner | context
conversely,adverb,Introducing a statement or idea which reverses one that has just been made or referred to.,"High interest rates dampen commercial lending; conversely, they reward diligent savers.",/ˈkɑnvɝsɫi/,B2,on the other hand | contrarily | in contrast | vice versa,,በተቃራኒው | በሌላ በኩል (የተባለውን ሀሳብ ተቃራኒ ሲቀርብ የሚገለጽ),society | law
cut corners,adverb,Do something perfunctorily so as to save time or money.,The rogue contractor attempted to cut corners by utilizing substandard cement mixtures.,/ˈkət ˈkɔɹnɝz/,B2,skimp | take shortcuts | economize improperly,,ቀላሉን መንገድ መምረጥ (ገንዘብ ወይም ጊዜ ለመቆጠብ ጥራቱን አጓድሎ መስራት),business | finance
face the music,adverb,Accept the unpleasant consequences of one's actions.,The treasurer was forced to face the music after the accounting fraud came to light.,/ˈfeɪs ˈðə ˈmjuzɪk/,B2,accept consequences | take responsibility | endure retribution,,የስራውን መቀበል (ላጠፉት ጥፋት የሚመጣውን ቅጣት በጸጋ መቀበል),arts | culture
for the time being,adverb,For the present; temporarily.,The highway remains closed for the time being while engineers assess the bridge.,/ˈfɔɹ ˈðə ˈtaɪm ˈbiɪŋ/,B2,temporarily | for now | currently | provisionally,,ለጊዜው | ለአሁኑ (ለተወሰነ ጊዜ ብቻ የሚቆይ ሁኔታ),time | calendar
hit the nail on the head,adverb,Find the exact answer or identify the core problem.,Her incisive analysis of the budget deficit really hit the nail on the head.,/ˈhɪt ˈðə ˈneɪɫ ˈɑn ˈðə ˈhɛd/,B2,get it exactly right | be spot on | be precise,,ልክ ነጥቡን ማግኘት (ዋናውን ችግር ወይም መልስ በትክክል መናገር),manner | context
in accordance with,adverb,In a manner conforming with; in agreement with.,The commercial audit was conducted strictly in accordance with international accountancy rules.,/ˈɪn əˈkɔɹdəns ˈwɪð/,B2,conforming to | consistent with | per | adhering to,,በ... መሰረት | በሚያዘው መሰረት (ከህግ፣ ከስምምነት ወይም ከመመሪያ ጋር ተስማምቶ),arts | culture
in hindsight,adverb,Understanding the nature of an event only after it has happened.,"In hindsight, they realized that postponing the product release had protected their brand reputation.",/ˈɪn ˈhaɪnˌsaɪt/,B2,looking back | with retrospective wisdom | in retrospect,,ወደ ኋላ ሲታይ | ካለፈ በኋላ (ክስተቱ ካለፈ በኋላ ሲታሰብ የሚገባ እውነታ),nature | science
in jeopardy,adverb,"In danger of being damaged, destroyed, or lost.","Without fresh donor funding, the rural clinic's maternal program is in jeopardy.",/ˈɪn ˈdʒɛpɝdi/,B2,at risk | vulnerable | endangered | precarious,,በከፍተኛ አደጋ ውስጥ ያለ (የመጥፋት፣ የመጎዳት ወይም የመውደም ስጋት ያለበት),emotions | psychology
in lieu of,adverb,Instead of; in place of.,The generous company offered stock options in lieu of cash bonuses.,/ˈɪn ˈɫju ˈəv/,B2,instead of | in place of | as an alternative to,,በ... ምትክ | ፋንታ (አንዱን በአንዱ በመተካት የሚደረግ),manner | context
in proportion to,adverb,"In a corresponding relationship in size, degree, or intensity.",Property tax was assessed in proportion to the market valuation of the real estate.,/ˈɪn pɹəˈpɔɹʃən ˈtu/,B2,relative to | proportional to | commensurate with,,ከተመጣጣኝ ሁኔታ አንጻር (በመጠን፣ በደረጃ ወይም በኃይል ተመጣጣኝ ሆኖ),education | academic
in retrospect,adverb,When looking back on a past event or situation.,"In retrospect, buying the suburban land parcel before the highway was built was brilliant.",/ˈɪn ˈɹɛtɹəˌspɛkt/,B2,looking back | on reflection | in hindsight,,ወደ ኋላ መለስ ብሎ ሲታይ (ያለፈን ነገር በማስታወስ ሲገመገም),manner | context
in terms of,adverb,With regard to the particular aspect or subject specified.,"In terms of solar efficiency, monocrystalline panels outperform older polycrystalline cells.",/ˈɪn ˈtɝmz ˈəv/,B2,regarding | concerning | with respect to | from the standpoint of,,ከ... አንጻር | በ... ረገድ (የተወሰነውን ገጽታ ወይም ርዕስ ለይቶ ሲታይ),arts | culture
in the long run,adverb,Over or after a long period of time; eventually.,Investing in high-quality agricultural machinery saves significant repair capital in the long run.,/ˈɪn ˈðə ˈɫɔŋ ˈɹən/,B2,eventually | over time | ultimately | in the end,,በረጅም ጊዜ ውስጥ | ውሎ አድሮ (ከብዙ ጊዜ በኋላ በስተመጨረሻ የሚመጣ ውጤት),sports | recreation
in the wake of,adverb,Following or as a consequence of something.,Strict food safety regulations were enacted in the wake of the contamination outbreak.,/ˈɪn ˈðə ˈweɪk ˈəv/,B2,following | after | as a result of | in the aftermath of,,በ... ማግስት | ተከትሎ (አንድ ትልቅ ክስተት ካለፈ በኋላ ወዲያውኑ የሚከተል),manner | context
inadvertently,adverb,Without intention; accidentally.,An administrative clerk inadvertently deleted the database backup file.,/ˌɪnædˈvɝtəntɫi/,B2,accidentally | unintentionally | mistakenly | unwittingly,wittingly | advertently | knowingly,ሳያስቡት | በስህተት (ያለ አላማ ወይም ባለማወቅ የተደረገ),manner | context
inherently,adverb,"In a permanent, essential, or characteristic way.",High-altitude mountain mountaineering is an inherently hazardous undertaking.,/ɪnˈhɛɹəntɫi/,B2,intrinsically | naturally | fundamentally | innately,,በተፈጥሮው | በተፈጥሮ ባህሪው (ከመሰረቱ ወይም ከመነሻው ጀምሮ ያለ),manner | context
invariably,adverb,In every case or on every occasion; always.,Untreated domestic sewage discharges invariably lead to aquatic river pollution.,/ˌɪnˈvɛɹiəbɫi/,B2,always | without fail | perpetually | unfailingly,,ሁልጊዜም | ያለ ምንም ለውጥ (በየትኛውም ሁኔታ ሳይለወጥ የሚከሰት),manner | context
jump on the bandwagon,adverb,Join others in doing something that is currently fashionable or likely to be successful.,"Seeing the surge in eco-tourism, several local hotels jumped on the bandwagon.",/ˈdʒəmp ˈɑn ˈðə ˈbændˌwæɡən/,B2,follow the trend | conform | copy others,,የብዙሃኑን አዝማሚያ መከተል (ወቅታዊና ተወዳጅ የሆነውን ነገር አብሮ መከተል),fashion | clothing
leave no stone unturned,adverb,Try every possible course of action in order to achieve something.,Detectives vowed to leave no stone unturned until the stolen antique manuscripts were recovered.,/ˈɫiv ˈnoʊ ˈstoʊn ənˈtɝnd/,B2,search exhaustively | spare no effort | do everything possible,,ያልፈነቀለው ድንጋይ የለም (አንድን ነገር ለማሳካት ሁሉንም መንገድ መሞከር),manner | context
on account of,adverb,Because of.,The mountain flight was canceled on account of severe monsoon visibility restrictions.,/ˈɑn əˈkaʊnt ˈəv/,B2,because of | owing to | due to | as a result of,,በ... የተነሳ | ምክንያት (በአንድ ነገር ወይም ሁኔታ ሳቢያ),manner | context
on the contrary,adverb,Used to intensify a denial of what has just been said; quite the opposite.,"She is not timid; on the contrary, she is an exceptionally assertive orator.",/ˈɑn ˈðə ˈkɑntɹɛɹi/,B2,quite the opposite | conversely | rather,,በፍጹም ተቃራኒው (የተባለውን ሀሳብ ፈጽሞ ውድቅ በማድረግ ተቃራኒውን መግለጽ),fashion | clothing
on the verge of,adverb,Very close to experiencing or doing something.,Botanists warn that the rare alpine flower is on the verge of extinction.,/ˈɑn ˈðə ˈvɝdʒ ˈəv/,B2,on the brink of | close to | about to | bordering on,,ጫፍ ላይ | ሊከሰት ጥቂት የቀረው (አንድ ነገር ሊጀምር ወይም ሊያበቃ በጣም ሲቃረብ),manner | context
once in a blue moon,adverb,Very rarely.,"Living in the sunny arid lowlands, they experience heavy hail storms once in a blue moon.",/ˈwəns ˈɪn ˈeɪ ˈbɫu ˈmun/,B2,rarely | seldom | hardly ever | almost never,,አልፎ አልፎ | በስንት ጊዜ አንድ ቀን (በጣም አልፎ አልፎ ብቻ የሚከሰት),manner | context
ostensibly,adverb,"As appears or is stated to be true, though not necessarily so; apparently.","The executive visited Nairobi ostensibly for tourism, though business meetings ensued.",/ɑˈstɛnsəbɫi/,B2,apparently | seemingly | outwardly | allegedly,,በይስሙላ | በገጽታው ሲታይ (በውጭ ሲታይ እውነት የሚመስል ግን ውስጡ ያልተረጋገጠ),society | law
pave the way for,adverb,To create the conditions that make future developments easier or possible.,Groundbreaking genetic research paved the way for novel targeted oncology therapies.,/ˈpeɪv ˈðə ˈweɪ ˈfɔɹ/,B2,prepare for | facilitate | enable | inaugurate,,መንገድ መጥረግ | ምቹ ሁኔታ መፍጠር (የወደፊቱን እድገት ቀላል ማድረግ),food | dining
play devil's advocate,adverb,Take a position one does not necessarily agree with for the sake of argument.,"In the seminar, the professor chose to play devil's advocate to stimulate critical inquiry.",/ˈpɫeɪ ˈdɛvəɫz ˈædvəˌkeɪt/,B2,argue the contrary | challenge assumptions | probe,,የተቃራኒውን አቋም መያዝ (ለውይይትና እውነታውን ለመፈተሽ ሲባል ተቃውሞ ማንሳት),sports | recreation
predominantly,adverb,Mainly; for the most part.,The rural highland population is predominantly engaged in smallholder cereal farming.,/ˌpɹɪˈdɑmənəntˌɫi/,B2,mainly | mostly | primarily | largely,,በአመዛኙ | በብዛት (በዋነኝነት ወይም በአብዛኛው ክፍል),arts | culture
pros and cons,adverb,The advantages and disadvantages of something.,The parliamentary assembly vigorously debated the pros and cons of monetary currency devaluation.,/ˈpɹoʊz ˈænd ˈkɑnz/,B2,advantages and disadvantages | pluses and minuses | merits and demerits,,ጥቅምና ጉዳት | አዎንታዊና አሉታዊ ገጽታዎች (የአንድን ነገር መልካም እና መጥፎ ጎኖች),emotions | psychology
purportedly,adverb,"As appears or is stated to be true, though not necessarily so; allegedly.",The manuscript was purportedly authored by a seventeenth-century royal chronicler.,/pɝˈpɔɹtɪdˌɫi/,B2,allegedly | reportingly | supposedly | seemingly,,ይባላል በሚል | እንደተባለው (የተነገረ ቢሆንም ገና ያልተረጋገጠ),society | law
read between the lines,adverb,Look for or discover a meaning that is hidden or implied rather than explicitly stated.,"If you read between the lines of the diplomatic statement, military tension is clearly escalating.",/ˈɹɛd bitˈwin ˈðə ˈɫaɪnz/,B2,perceive the hidden meaning | infer | understand the subtext,,የተደበቀውን ትርጉም መረዳት (ያልተነገረውን ወይም በውስጠ-ታዋቂ የቀረበውን ሀሳብ ማወቅ),society | law
reluctantly,adverb,In an unwilling and hesitant way.,The defeated candidate reluctantly conceded the municipal election after the recount.,/ɹɪˈɫəktəntɫi/,B2,unwillingly | hesitantly | grudgingly | unenthusiastically,,ሳይወዱ በግድ | በማመንታት (በሙሉ ፈቃደኝነት ሳይሆን በማመንታት የተደረገ),manner | context
reportedly,adverb,According to what some say or is that which has been stated but not verified.,Negotiators reportedly reached a tentative draft agreement on maritime transit rights.,/ɹiˈpɔɹtədɫi/,B2,allegedly | reputedly | supposedly | as reported,,እንደተዘገበው | በወሬ መሰረት (በዜና ወይም በሰው ወሬ እንደተሰማው),society | law
rigorously,adverb,In an extremely thorough and careful way.,Independent laboratories rigorously tested the solar inverters under extreme humidity.,/ˈɹɪɡɝəsɫi/,B2,strictly | thoroughly | meticulously | painstakingly,,በጥብቅና በጥንቃቄ (በከፍተኛ ጥንቃቄ፣ በህግና በስርዓት የተሞላ),travel | transport
safe and sound,adverb,Uninjured; with no harm done.,"After navigating the severe mountain blizzard, the mountaineering team arrived safe and sound.",/ˈseɪf ˈænd ˈsaʊnd/,B2,unharmed | uninjured | intact | unscathed,,በሰላምና በጤና (ያለ ምንም ጉዳት ወይም አደጋ በደህና መገኘት),manner | context
scrupulously,adverb,"In a very careful and thorough way, or with great moral integrity.",The financial auditor scrupulously examined every line item in the travel ledger.,/ˈskɹupjəɫəsɫi/,B2,painstakingly | meticulously | conscientiously | honestly,,በታማኝነትና በጥንቃቄ (በሞራል ታማኝነትና እጅግ ጥንቃቄ በተሞላበት መንገድ),food | dining
seamlessly,adverb,"Smoothly and continuously, with no apparent gaps or spaces between one part and the next.",The mobile application seamlessly integrates cloud storage with local device files.,/ˈsimɫəsɫi/,B2,smoothly | flawlessly | continuously | effortlessly,,ያለ እንከን | ያለምንም ክፍተት (በጣም በተቀላጠፈና በተስማማ መልኩ የሚከናወን),arts | culture
see eye to eye,adverb,Be in full agreement with someone.,"Although they are brothers, the directors rarely see eye to eye on corporate marketing strategy.",/ˈsi ˈaɪ ˈtu ˈaɪ/,B2,agree | concur | be in accord | sympathize,,ሙሉ በሙሉ መስማማት (በአንድ ጉዳይ ላይ ሙሉ ስምምነት ላይ መድረስ),manner | context
shed light on,adverb,To help to explain situations by providing more information.,New archaeological excavations shed light on prehistoric iron-smelting kilns.,/ˈʃɛd ˈɫaɪt ˈɑn/,B2,illuminate | clarify | explain | elucidate,,ማብራሪያ መስጠት | ብርሃን መፈንጠቅ (ለአንድ ምስጢራዊ ወይም ውስብስብ ጉዳይ ተጨማሪ መረጃ መስጠት),manner | context
subsequently,adverb,After a particular thing has happened; afterwards.,The suspect was arrested and subsequently indicted on federal felony charges.,/ˈsəbsəkwəntɫi/,B2,afterwards | later | thereafter | consequently,,በመቀጠል | ከዚያ በኋላ (አንድ ነገር ከተፈጠረ በኋላ ቀጥሎ የሚሆን),arts | culture
substantially,adverb,To a great or significant extent; for the most part.,Upgrading insulation substantially lowered winter household energy expenditures.,/səbˈstænʃəɫi/,B2,significantly | considerably | largely | greatly,,በከፍተኛ መጠን | በጉልህ (በጣም በሚታይና ትልቅ በሆነ ደረጃ),food | dining
take for granted,adverb,"Fail to properly appreciate someone or something, especially as a result of overfamiliarity.",City residents often take clean municipal running water for granted.,/ˈteɪk ˈfɔɹ ˈɡɹænəd/,B2,underappreciate | undervalue | assume as given,,እንደ ተራ ነገር መቁጠር (ዋጋውን ሳይረዱና ሳያመሰግኑ እንዲሁ ዝም ብሎ መቀበል),technology | digital
take with a grain of salt,adverb,View something with skepticism or not to interpret something literally.,Social media gossip should always be taken with a grain of salt.,/ˈteɪk ˈwɪð ˈeɪ ˈɡɹeɪn ˈəv ˈsɔɫt/,B2,be skeptical of | view critically | discount,,በጥርጣሬ መመልከት (የተባለውን ነገር ሙሉ በሙሉ ሳያምኑ በጥንቃቄ ማየት),nature | science
through thick and thin,adverb,"Under all circumstances, no matter how difficult.",The lifelong friends supported each other's entrepreneurial dreams through thick and thin.,/ˈθɹu ˈθɪk ˈænd ˈθɪn/,B2,in good times and bad | through all hardships | loyally,,በደስታም በመከራም (በማንኛውም አስቸጋሪ ሁኔታ ውስጥ ሳይለዩ አብሮ መቆም),manner | context
throw in the towel,adverb,Abandon a struggle; admit defeat.,"After twelve grueling rounds in the ring, the exhausted challenger chose to throw in the towel.",/ˈθɹoʊ ˈɪn ˈðə ˈtaʊəɫ/,B2,admit defeat | surrender | give up | concede,,እጅ መስጠት | ተስፋ መቁረጥ (ትግሉን ማቆም ወይም መሸነፍን አምኖ መቀበል),food | dining
to say nothing of,adverb,Not to mention or consider.,"Floods ruined five hundred homes, to say nothing of extensive agricultural topsoil loss.",/ˈtu ˈseɪ ˈnəθɪŋ ˈəv/,B2,not to mention | let alone | plus | besides,,ይህ እንደተጠበቀ ሆኖ | ይቅርና (ሌላውን ትልቅ ነገር ሳያነሱ),communication
turn a blind eye to,adverb,Pretend not to notice something bad or illegal.,The corrupt harbor inspector turned a blind eye to unlicensed cargo imports.,/ˈtɝn ˈeɪ ˈbɫaɪnd ˈaɪ ˈtu/,B2,ignore | overlook | disregard | wink at,,እንዳላየ ማለፍ | ቸል ማለት (የተፈጸመውን ስህተት ወይም ጥፋት ሆን ብሎ ችላ ማለት),society | law
unanimously,adverb,Without opposition; with the agreement of all people involved.,The municipal council voted unanimously to construct a new public children's park.,/juˈnænəməsɫi/,B2,without dissent | with one voice | universally | agreed,,በሙሉ ድምጽ | ያለምንም ተቃውሞ (በተሳታፊዎች በሙሉ ስምምነት የተወሰነ),people | society
