word,pos,definition,example,ipa,cefr,synonyms,antonyms,amharic
adjective,noun,"A word naming an attribute of a noun, used to describe or clarify it.","In the sentence 'She wore a red hat', the word 'red' is an adjective.",/ˈædʒɪktɪv/,B1,modifier | descriptor | qualifier,,ቅጽል | ገላጭ ቃል
aerobics,noun,Vigorous physical exercises designed to strengthen the heart and lungs through rhythmic movements.,She joined a step aerobics class to boost her cardiovascular endurance.,/eəˈroʊbɪks/,B1,cardio | calisthenics | workout,,ኤሮቢክስ | የልብና ሳንባ እንቅስቃሴ | የስፖርት እንቅስቃሴ
almond,noun,The edible oval nut-like seed of a deciduous Mediterranean tree.,She baked a tray of biscuits topped with crushed roasted almonds.,/ˈɑːmənd/,B1,nut | kernel,,አልሞንድ | ለውዝ | የለውዝ ፍሬ
alphabet,noun,"A set of letters or symbols in a fixed order, used to represent the basic sounds of a language in writing.",Greek scholars adapted the Phoenician alphabet to develop their own writing system.,/ˈælfəbɛt/,B1,letters | script | syllabary,,ፊደል | የአጻጻፍ ሥርዓት
alps,noun,"A high mountain range, especially the Alps in south-central Europe; or any high snow-capped mountains.",The expedition trekked across rugged passes through the snow-capped Alps.,/ælps/,B1,mountains | peaks | mountain range,,አልፕስ ተራሮች | አልፕስ | ከፍተኛ ተራሮች
ape,noun,"A large tailless primate of the superfamily Hominoidea, including chimpanzees, gorillas, and gibbons.",A chimpanzee is an intelligent ape capable of using simple tools in the forest.,/eɪp/,B1,primate | anthropoid | simian,,ዝንጀሮ | ጅብራ ዝንጀሮ | ጎሪላ
apron,noun,"A protective garment worn over clothing, tied around the waist or neck, to keep clothes clean.",The baker tied a thick cotton apron around his waist before kneading the dough.,/ˈeɪprən/,B1,pinafore | smock | coverall,,አፕሮን | የፊት ልብስ | የመከላከያ ልብስ
armchair,noun,"A large, comfortable upholstered chair with supports on either side for the sitter's arms.",He sank into the soft armchair beside the window with a cup of hot tea.,/ˈɑːrmtʃeər/,B1,easy chair | lounge chair | recliner,,ሶፋ ወንበር | ክንድ ያለው ወንበር | ምቹ ወንበር
attic,noun,"A room or space immediately below the pitched roof of a house, often used for storage.",We found a collection of vintage photographs stored in a dust-covered chest in the attic.,/ˈætɪk/,B1,loft | garret | roof space,basement | cellar,ኮርኒስ ስር ያለ ክፍል | የጣሪያ ሰገነት | ሰገነት
awesome,adj,"Extremely impressive, inspiring great admiration, apprehension, or fear; (informally) excellent or wonderful.",The view of the snow-capped Himalayan mountains at sunrise was an awesome sight.,/ˈɔːsəm/,B1,breathtaking | formidable | marvelous | spectacular,unimpressive | mediocre | ordinary | awful,አስደናቂ | እጅግ ግሩም | የሚያስፈራ | የሚያስደንቅ
babe,noun,A baby or infant; (informal/slang) an affectionate term for a romantic partner or an attractive person.,The newborn babe slept peacefully in his mother's arms.,/beɪb/,B1,baby | infant | sweetheart | darling,adult | elder,ጨቅላ | ህፃን | የፍቅር ጓደኛ | ውብ ሴት
bachelor,noun,A man who is not and has never been married; also a person holding a first degree from a university.,"He enjoyed his life as a bachelor, traveling frequently for work and pleasure.",/ˈbætʃələr/,B1,single man | unmarried man,husband | married man,ያላገባ ወንድ | ባችለር | የመጀመሪያ ዲግሪ ተመራቂ
bandage,noun,"A strip of fabric or other material used to bind, cover, protect, or immobilize a wound or injured body part.",The paramedic wrapped a clean sterile bandage around the patient's sprained wrist.,/ˈbændɪdʒ/,B1,dressing | compress | gauze | wrap,,ፋሻ | የቁስል ማሰሪያ
barbecue,noun,"An outdoor meal, gathering, or apparatus where food—especially meat—is cooked over an open fire, hot coals, or a grill.",Neighbors gathered in the backyard on Sunday afternoon for a summer barbecue.,/ˈbɑːrbɪkjuː/,B1,cookout | grill | rotisserie,,ባርቤኪው | ጥብስ | የውጪ ጥብስ ድግስ
beetle,noun,An insect of a large order having chewing mouthparts and hard front wings (elytra) covering membranous flight wings.,A shiny black beetle crawled slowly across the fallen log on the forest floor.,/ˈbiːtl/,B1,insect | bug | coleopteran,,ጥንዚዛ | ጥንዚዛ መሰል ነፍሳት
beforehand,adv,Before an action or event; in advance; ahead of time.,"If you prepare your materials beforehand, the presentation will proceed much more smoothly.",/bɪˈfɔːrhænd/,B1,in advance | ahead of time | earlier | previously,afterward | later | subsequently,በቅድሚያ | አስቀድሞ | ቀደም ብሎ
berry,noun,"A small, juicy, typically fleshy fruit without a stone, containing several seeds.",We spent the warm afternoon picking ripe wild berries along the edge of the woods.,/ˈberi/,B1,fruit | drupelet | soft fruit,,እንጆሪ | ፍራፍሬ | የቤሪ ፍሬ
beware,verb,"To be cautious, alert, or on one's guard against potential danger or deceit.",A prominent sign posted on the tall iron gate warned visitors to beware of the guard dog.,/bɪˈweər/,B1,watch out | take heed | be careful | be wary,disregard | ignore,መጠንቀቅ | ንቁ መሆን | ማስጠንቀቅ
booth,noun,"A small, enclosed or partially enclosed structure used for selling goods, voting, or making telephone calls.",She stepped inside the voting booth to cast her ballot in private.,/buːð/,B1,stall | kiosk | stand | cubicle,,ዳስ | ኪዮስክ | አነስተኛ መሸጫ ዳስ | ማዘጋጃ ክፍል
briefcase,noun,"A flat, rectangular container typically made of leather or plastic, used for carrying business papers and documents.",The lawyer unlocked his leather briefcase and pulled out the legal contract.,/ˈbriːfkeɪs/,B1,attache case | portfolio | bag | document case,,የሰነድ ቦርሳ | ሳምሶናይት | ፖርትፎሊዮ
brownie,noun,"A small, rich, chewy chocolate baked square, often containing nuts or chocolate chips.",She ordered a warm fudge brownie served with a scoop of vanilla ice cream.,/ˈbraʊni/,B1,chocolate cake | dessert | pastry,,ብራውኒ | ቸኮሌት ኬክ | ቸኮሌት ጣፋጭ
browse,verb,"To look through books, goods, or online pages casually without a specific purpose; also, of animals, to feed on leaves and twigs.",Shoppers love to browse through the vintage records at the weekend market.,/braʊz/,B1,scan | skim | glance through | peruse,scrutinize | examine | study,መቃኘት | መጎብኘት | በጨረፍታ ማየት | ማሰስ
buddy,noun,"An informal term for a close friend or companion, especially a male friend.",He went on a weekend fishing trip with an old college buddy.,/ˈbʌdi/,B1,pal | friend | mate | companion,enemy | foe | stranger,ጓደኛ | ባልንጀራ | ጓድ
buffet,noun,A meal consisting of several dishes from which guests serve themselves at a table or sideboard.,The hotel restaurant served an elaborate breakfast buffet with hot and cold selections.,/ˈbʊfeɪ/,B1,smorgasbord | self-service meal | banquet | spread,,ቡፌ | ራስ-አገዝ ግብዣ | የተቀረበ ምግብ
bun,noun,"A small, sweet or plain bread roll; also, a hairstyle in which hair is coiled tightly at the back of the head.",She served the grilled burgers on freshly baked sesame seed buns.,/bʌn/,B1,bread roll | pastry | muffin | roll,,ቡን | ዳቦ | የዳቦ ቁራጭ | የፀጉር ቋጠሮ
bunny,noun,"A child's or informal term for a rabbit, especially a young one.",The children watched delightedly as a small fluffy bunny hopped across the lawn.,/ˈbʌni/,B1,rabbit | hare | kit | coney,,ጥንቸል | የጥንቸል ግልገል
cabbage,noun,"A leafy green, red, or white biennial vegetable with a dense, round head of leaves.",He chopped half a head of red cabbage to make a crisp winter salad.,/ˈkæbɪdʒ/,B1,brassica | greens,,ጎመን | ጥቅል ጎመን
camel,noun,"A large, long-necked humped mammal capable of surviving long periods without drinking water in desert regions.",The desert caravan relied on camels to transport heavy trading goods across the dunes.,/ˈkæml/,B1,dromedary | bactrian,,ግመል
caption,noun,"A title, brief explanation, or descriptive subtitle accompanying an illustration, photograph, comic, or video.",The humorous photo was paired with a witty caption that quickly went viral on social media.,/ˈkæpʃn/,B1,subtitle | heading | label | legend,,መግለጫ ጽሑፍ | ርዕስ | የሥዕል መግለጫ
caravan,noun,"A group of people, merchants, or pilgrims traveling together across desert or hostile country; or a towed vehicle equipped for living in.",A trading caravan carrying spices and silks journeyed through the ancient desert route.,/ˈkærəvæn/,B1,convoy | procession | troop | trailer,,የነጋዴዎች ቅፍለት | ቅፍለት | ተጓዥ ቡድን | ተሳቢ ተሽከርካሪ
carnival,noun,"A public festival characterized by music, feasting, masquerades, colorful parades, and amusement rides.",Throngs of revelers danced through the streets during the annual Rio carnival.,/ˈkɑːnɪvl/,B1,festival | gala | celebration | pageant,,ካርኒቫል | የጎዳና በዓል | ጭፈራና ድግስ
carpenter,noun,"A skilled tradesperson who builds, repairs, and installs wooden structures and fixtures.",We hired a master carpenter to craft custom oak bookshelves for the living room.,/ˈkɑːpəntə(r)/,B1,woodworker | joiner | cabinetmaker | builder,,አናፂ | አናጺ | የእንጨት ባለሙያ
casino,noun,"A public building or room where gambling games such as roulette, poker, and slot machines are played.",Tourists flocked to the glitzy casino to try their luck at the blackjack tables.,/kəˈsiːnəʊ/,B1,gambling house | gaming room,,ካሲኖ | የቁማር ቤት | ቁማር ማጫወቻ
chess,noun,A strategic two-player board game played on an eight-by-eight checkered grid with sixteen pieces per player.,"Learning chess teaches young students critical thinking, patience, and spatial awareness.",/tʃɛs/,B1,board game,,ቼዝ
chilli,noun,"A small, pungent hot pepper pod used fresh, dried, or powdered to add heat to food.",She added a chopped green chilli to give the vegetable stew an extra spicy kick.,/ˈtʃɪli/,B1,chili pepper | hot pepper | cayenne,,ቃሪያ | ሚጥሚጣ | በርበሬ
chimpanzee,noun,"An intelligent, highly social African great ape with dark brown hair that shares most of its DNA with humans.",Jane Goodall observed a chimpanzee using blades of grass as primitive tools to gather insects.,/ˌtʃɪmpænˈziː/,B1,chimp | ape | primate,,ቺምፓንዚ
closet,noun,"A small private room or recessed cupboard designed for storing clothes, footwear, and household items.",She organized all her winter coats and shoes on the upper shelves of the bedroom closet.,/ˈklɒzɪt/,B1,wardrobe | cupboard | locker | cabinet,,ቁም ሳጥን | የልብስ ማስቀመጫ | ጎተራ
cocoa,noun,"A brown powder ground from roasted cacao seeds, or a warm drink prepared with this powder and milk or water.",She dusted a spoonful of unsweetened cocoa powder over the freshly baked tiramisu.,/ˈkəʊkəʊ/,B1,cacao | chocolate powder | hot chocolate,,ኮኮዋ
coconut,noun,"The large brown, woody-shelled fruit of a palm tree, possessing sweet edible white flesh and refreshing liquid.",The stranded traveler cracked open a fresh coconut to drink its hydrating water.,/ˈkəʊkənʌt/,B1,coconut fruit | coconut palm,,ኮኮናት | የዘንባባ ፍሬ
compass,noun,"An instrument with a magnetic needle that points north, used for navigation, or an instrument used for drawing circles.",The mountain guide relied on his handheld compass to navigate through the dense fog.,/ˈkʌmpəs/,B1,navigational instrument | direction finder | scope | range,,ኮምፓስ | አቅጣጫ ጠቋሚ | የክብ መሥሪያ
conjunction,noun,"A word that connects words, phrases, or clauses in grammar, or the co-occurrence of events in time or space.","The grammatical term covers coordinating words like 'and', 'but', and 'or' which join clauses together.",/kənˈdʒʌŋkʃn/,B1,connector | union | combination | conjunction,disjunction | separation,አያያዥ ቃል | መጋጠም | ጥምረት
coupon,noun,"A voucher or ticket entitling the holder to a discount, rebate, or specific goods or services.",She clipped a discount coupon from the magazine to save ten percent on groceries.,/ˈkuːpɒn/,B1,voucher | token | certificate | ticket,,ኩፖን | የቅናሽ ወረቀት | የዋጋ ቅናሽ ማረጋገጫ
cracker,noun,"A thin, crisp, savoury dry wafer or biscuit, usually eaten with cheese or soup.",He served crisp wheat crackers alongside the cheese platter.,/ˈkrækər/,B1,biscuit | wafer | crispbread,,ቅጭን ደረቅ ብስኩት | ብስኩት
cuisine,noun,"A style or method of cooking, especially characteristic of a particular country, region, or establishment.",Traditional Ethiopian cuisine features flavorful stews served on top of injera.,/kwɪˈziːn/,B1,cooking | gastronomy | fare | food,,የምግብ አሠራር ዘዴ | የምግብ ባህል | ምግብ
curry,noun,"A dish of meat, vegetables, or lentils cooked in an Indian-style sauce of strong spices, typically served with rice.",We ordered a fragrant spicy chicken curry served with basmati rice.,/ˈkʌri/,B1,spicy stew | spiced dish,,ካሪ | የቅመም ወጥ | ካሪ ወጥ
cute,adj,"Attractive in an endearing, sweet, or charming way; often small and pleasant.",The children fell in love with the cute little golden retriever puppy.,/kjuːt/,B1,adorable | charming | sweet | endearing,ugly | unattractive | repulsive,ማራኪ | ቆንጆ | የሚያምር | ተወዳጅ
diploma,noun,A certificate issued by an educational institution verifying the successful completion of a course of study.,She framed her college diploma and hung it proudly on her office wall.,/dɪˈploʊmə/,B1,certificate | credential | degree | qualification,,ዲፕሎማ | የምስክር ወረቀት
disco,noun,"A nightclub where patrons dance to recorded music, or a style of dance-pop music popular in the 1970s.",Crowds of energetic young people gathered at the seaside disco every weekend.,/ˈdɪskoʊ/,B1,nightclub | club | dancehall,,ዲስኮ | የምሽት ጭፈራ ቤት
dishonest,adj,"Behaving or prone to act deceitfully, untruthfully, or fraudulently.",The dishonest salesman omitted critical flaws in the vehicle's engine to seal the deal.,/dɪsˈɑːnɪst/,B1,deceitful | fraudulent | corrupt | untruthful,honest | trustworthy | truthful | upright,ሐቀኛ ያልሆነ | አታላይ | ቅን ያልሆነ
donkey,noun,"A domesticated mammal of the horse family with long ears and a braying voice, traditionally used as a pack animal.",The merchant loaded several woven sacks of grain onto the sturdy donkey's back.,/ˈdɑːŋki/,B1,burro | ass | beast of burden,,አህያ
dormitory,noun,"A large residential building providing sleeping quarters, especially for students at a college or university.",First-year undergraduate students are required to live in on-campus dormitory accommodation.,/ˈdɔːrmətɔːri/,B1,dorm | residence hall | barracks | hostel,,የተማሪዎች መኝታ ቤት | ዶርሚተሪ | የመኝታ አዳራሽ
dove,noun,"A seed- or fruit-eating bird of the pigeon family, traditionally viewed as an emblem of peace and purity.",A white dove flew above the cathedral square as a symbol of tranquility.,/dʌv/,B1,pigeon | turtledove,,እርግብ
eldest,adj,Born first among siblings; oldest of three or more relatives.,"As the eldest daughter, she assumed great responsibility in caring for her siblings.",/ˈɛldɪst/,B1,firstborn | oldest | senior,youngest,የበኩር | ታላቅ | የመጀመሪያ ልጅ
euro,noun,The official standard currency used by many member states of the European Union.,The exchange rate between the euro and the dollar fluctuated sharply after the announcement.,/ˈjʊəroʊ/,B1,European currency | single currency,,ዩሮ (የአውሮፓ የገንዘብ መለኪያ)
firework,noun,"A device containing combustible materials that burns or explodes to produce colorful lights, sparks, and noise for public celebration.",Spectators cheered as each brilliant firework illuminated the night sky above the harbor.,/ˈfaɪərwɜːrk/,B1,pyrotechnic | rocket | sparkler,,ርችት | ቶኮስ
flute,noun,"A high-pitched musical wind instrument consisting of a tube with finger holes or keys, played by blowing across a side hole.",The delicate notes of the wooden flute echoed serenely throughout the concert hall.,/fluːt/,B1,pipe | woodwind | recorder | whistle,,ዋሽንት
folder,noun,"A folding cover or binder used for organizing loose documents, or a digital directory storing related files.",She organized all project invoices neatly inside a labeled digital folder on the company server.,/ˈfoʊldər/,B1,binder | portfolio | dossier | directory,,ፎልደር | የሰነድ መያዣ | ማህደር
garbage,noun,"Discarded matter, refuse, or household waste; ideas, writings, or statements considered worthless or foolish.",Please tie the plastic trash bag securely before placing it outside with the garbage.,/ˈɡɑːrbɪdʒ/,B1,trash | rubbish | waste | refuse,valuables | treasure,ቆሻሻ | ጐድፍ | ፅዳጅ
granny,noun,"An informal, affectionate term for a grandmother.",Her granny baked delicious fresh apple pies every time the grandchildren visited.,/ˈɡræni/,B1,grandmother | grandma | nan,,አያት | እምዬ
honeymoon,noun,A vacation or trip taken by newly married partners right after their wedding; or an early harmonious period in a relationship.,They booked a seaside villa in Italy for their honeymoon.,/ˈhʌnimuːn/,B1,wedding trip | postnuptial vacation,,የጫጉላ ሽርሽር | ጫጉላ
humid,adj,"Containing a high concentration of water vapor or moisture, often feeling damp, sticky, or muggy.",The humid coastal weather made the summer afternoon feel considerably warmer than it was.,/ˈhjuːmɪd/,B1,moist | muggy | damp | steamy,arid | dry | parched,እርጥበት አዘል | ወላፈናም | እርጥብ
ironed,adj,Pressed or smoothed with a heated iron to remove creases and wrinkles.,He wore a freshly ironed white shirt for the important job interview.,/ˈaɪərnd/,B1,pressed | smoothed | unwrinkled | crease-free,wrinkled | creased | crumpled,የተተኮሰ | የተተኮሰበት
jeep,noun,"A sturdy, rugged motor vehicle designed for driving over rough terrain, typically equipped with four-wheel drive.",They rented an open-top jeep to explore the rocky mountain trails and riverbeds.,/dʒiːp/,B1,SUV | off-roader | truck | four-by-four,,ጂፕ | የሻካራ መንገድ መኪና
jelly,noun,"A sweet, semi-solid clear spread or dessert made from fruit juice and pectin or gelatin.",She spread homemade strawberry jelly generously over her morning toast.,/ˈdʒeli/,B1,jam | gelatin | preserve | marmalade,,ጄሊ | ጃም | ወፍራም ጣፋጭ መረቅ
jersey,noun,"A knitted garment worn on the upper body, especially a pullover sweater or a shirt worn by a sports team member.",The soccer star proudly pulled on his national team's green and gold jersey.,/ˈdʒɜːrzi/,B1,shirt | sweater | pullover | jumper,,ጀርሲ | የስፖርት ማልያ | የሹራብ ልብስ
jug,noun,"A deep container with a narrow mouth, a handle, and usually a spout, used for holding and pouring liquids.",She placed a large glass jug filled with freshly squeezed lemonade on the dining table.,/dʒʌɡ/,B1,pitcher | carafe | vessel | jar,,ጆግ | የውሃ እቃ | ማሰሮ
kettle,noun,"A metal or plastic container with a lid, spout, and handle, used for boiling water.",He filled the electric kettle with water and switched it on to make tea.,/ˈketl/,B1,teapot | boiler | cauldron,,ኬትል | ማንቆርቆሪያ
kidding,noun,"The act of teasing, joking, or speaking playfully without serious intent.",Don't take what he said to heart; it was only lighthearted kidding among friends.,/ˈkɪdɪŋ/,B1,joking | teasing | jesting | mocking,seriousness | earnestness | sincerity,መቀለድ | ቀልድ | ዋዛ
kite,noun,"A light frame covered with paper, cloth, or plastic designed to be flown in the wind at the end of a long string.",The children spent the breezy afternoon flying a colorful kite in the open meadow.,/kaɪt/,B1,flyer | sailplane | toy,,ካይት | የንፋስ አሻንጉሊት | በአየር ላይ የሚበር ወረቀት
lettuce,noun,"A cultivated leafy green vegetable with crisp, edible leaves, widely consumed raw in salads.","She chopped fresh crisp lettuce, cucumbers, and tomatoes to prepare a summer salad.",/ˈletɪs/,B1,salad green | leafy vegetable | greens,,ሰላጣ | የሰላጣ ቅጠል
litre,noun,"A metric unit of capacity or volume equal to 1,000 cubic centimeters or one cubic decimeter.",Health experts recommend consuming at least two litres of fresh water each day.,/ˈliːtər/,B1,liter | volume unit | fluid measure,,ሊትር | የፈሳሽ መለኪያ
lizard,noun,"A scaly-skinned reptile typically having a long body and tail, four legs, and movable eyelids.",A small green lizard sunned itself lazily atop the warm stone garden wall.,/ˈlɪzərd/,B1,reptile | saurian | gecko,,እንሽላሊት | ባለ ቅርፊት ተሳቢ
loaf,noun,"A shaped mass of bread baked in one piece, or a molded mixture of food such as meat.",She purchased a freshly baked loaf of whole wheat bread from the local bakery.,/loʊf/,B1,bread | block | slab | cake,,ዳቦ | የዳቦ ቁራጭ | የተጋገረ ዳቦ
locker,noun,"A small, narrow lockable compartment or cupboard used for safely storing personal belongings.",The athletes placed their gym bags and personal gear into their lockers before practice.,/ˈlɑːkər/,B1,compartment | cabinet | cubby | closet,,ሎከር | መቆለፊያ ያለው ሳጥን | የዕቃ ማስቀመጫ ሳጥን
lottery,noun,A process or game of chance in which participants purchase tickets for the possibility of winning prizes or money.,Millions of people bought tickets hoping to win the national lottery jackpot.,/ˈlɒtəri/,B1,raffle | sweepstake | draw | tombola,,ሎተሪ | እጣ | የዕድል ጨዋታ
luggage,noun,"Suitcases, bags, and baggage used to contain personal belongings when traveling.",The airline apologized after losing her luggage during a flight transfer.,/ˈlʌɡɪdʒ/,B1,baggage | bags | suitcases | belongings,,ሻንጣ | ጓዝ | እቃ
makeup,noun,Cosmetics applied to the face to enhance or alter one's physical appearance.,She carefully removed her makeup before washing her face each night.,/ˈmeɪkʌp/,B1,cosmetics | face paint | beauty products,,ሜካፕ | የፊት መዋቢያ | ውበት ማድመቂያ
millionaire,noun,A person whose assets or net wealth are valued at one million or more currency units.,The technology founder became a self-made millionaire before reaching thirty.,/ˌmɪljəˈnɛər/,B1,tycoon | magnate | plutocrat | wealthy person,pauper | bankrupt,ሚሊየነር | ከበርቴ | ሃብታም | ባለጸጋ
mini,adj,Very small or compact; a smaller version of something standard.,Each guest room includes a mini fridge stocked with complimentary bottled water.,/ˈmɪni/,B1,miniature | small | compact | diminutive,maxi | giant | huge,አነስተኛ | ሚኒ | ጥቃቅን | ትንሽ
mop,noun,A cleaning tool consisting of a bundle of thick strings or sponge attached to a long handle.,He grabbed a bucket of soapy water and a damp mop to clean the kitchen floor.,/ˈmɒp/,B1,swab | sponge | floor cleaner | broom,,ሞፕ | ወለል መወያያ | የወለል ጨርቅ
mosque,noun,A Muslim place of worship.,Devout worshippers gathered at the grand mosque for communal Friday prayers.,/ˈmɒsk/,B1,masjid | Islamic temple | house of worship,,መስጊድ | የሙስሊሞች መስገጃ
mustard,noun,"A pungent yellow or brown condiment made from the crushed seeds of a mustard plant, typically mixed with vinegar and water.",He spread a generous layer of spicy Dijon mustard across his roast beef sandwich.,/ˈmʌstərd/,B1,condiment | relish | seasoning,,ሰናፍጭ
nap,noun,"A short period of sleep, typically taken during the daytime.","After lunch, the grandfather liked to take a refreshing twenty-minute nap in his armchair.",/næp/,B1,siesta | snooze | catnap | rest,wakefulness | insomnia,ጭልፍታ | የእንቅልፍ ጭልፍታ | አጭር እንቅልፍ
necklace,noun,"An ornamental chain, string of beads, or band worn around the neck.",She received a delicate silver necklace adorned with a small pearl as a graduation gift.,/ˈnɛklɪs/,B1,choker | pendant | chain | string of beads,,የአንገት ሐብል | ድሪ | አልቦ
niece,noun,"The daughter of one's brother or sister, or of one's brother-in-law or sister-in-law.",He bought a colorful picture book as a birthday present for his five-year-old niece.,/niːs/,B1,brother's daughter | sister's daughter,nephew,የወንድም ልጅ (ሴት) | የእህት ልጅ (ሴት)
nightclub,noun,"An entertainment venue open until late at night, featuring music, dancing, and alcoholic drinks.",The downtown nightclub drew large crowds of young people every Friday night for live DJ sets.,/ˈnaɪtklʌb/,B1,disco | dance club | club | cabaret,,የምሽት ክበብ | የምሽት መዝናኛ
nylon,noun,"A tough, lightweight, elastic synthetic polyamide material used widely in textiles, ropes, and bristles.",Her mountaineering jacket was made of durable nylon that repelled wind and rain.,/ˈnaɪlɒn/,B1,synthetic fiber | polyamide | polymer,,ናይለን | ፕላስቲክ ጨርቅ
orchard,noun,A piece of enclosed land planted with fruit trees or nut trees.,"In early autumn, the family visited an apple orchard to pick fresh fruit for homemade cider.",/ˈɔːtʃəd/,B1,fruit garden | grove | plantation,,የፍራፍሬ እርሻ | የፍራፍሬ አትክልት ቦታ
oscar,noun,A statuette awarded annually by the Academy of Motion Picture Arts and Sciences for outstanding cinematic achievement; also an award won.,The veteran actor finally won an Oscar for his gripping performance in the historical drama.,/ˈɒskər/,B1,Academy Award | cinematic prize | statuette,,ኦስካር | የኦስካር ሽልማት
overweight,adj,"Above a weight considered normal, desirable, or healthy for a person of a particular height and build.",The doctor advised him to adopt a healthier diet and exercise regularly after declaring him overweight.,/ˌoʊvərˈweɪt/,B1,heavy | corpulent | chubby | plump,underweight | slim | slender | thin,ከመጠን ያለፈ ውፍረት ያለው | ወፍራም | የከበደ
parachute,noun,A cloth canopy designed to fill with air and slow the descent of a person or dropped cargo from an aircraft.,The skydiving instructor checked that the emergency parachute was packed correctly.,/ˈpærəʃuːt/,B1,chute | canopy,,ፓራሹት | የአየር ጃንጥላ | አየር ወራጅ ጃንጥላ
parrot,noun,"A mainly tropical bird with bright plumage, a hooked bill, and the ability to mimic human sounds and speech.",The colorful parrot perched on its wooden stand and greeted visitors with a loud squawk.,/ˈpærət/,B1,mimic | imitator,,በቀቀን | ቃላትን የምትደግም ወፍ
patio,noun,"A paved outdoor area adjoining a residence, commonly used for dining, relaxation, or entertaining guests.",They enjoyed eating dinner out on the stone patio during warm summer evenings.,/ˈpætioʊ/,B1,terrace | courtyard | veranda | deck,,የጓሮ በረንዳ | የተነጠፈ ግቢ | ክፍት በረንዳ | ደጅ
paw,noun,"The foot of an animal that has claws or pads, typical of four-legged mammals such as cats, dogs, and bears.",The injured dog whined softly and held up its front paw for the veterinarian to examine.,/pɔː/,B1,foot | pad | claw | padfoot,,የእንስሳ እግር | መዳፍ | ጥፍር
peanut,noun,The edible seed of a widely cultivated South American plant that ripens underground within a woody pod.,He spread crunchy peanut butter onto warm toast for a quick breakfast.,/ˈpiːnʌt/,B1,groundnut | goober | earthnut,,ለውዝ | ኦቾሎኒ
pear,noun,"A sweet, fleshy yellowish- or brownish-green fruit with a tapering top and rounded base, grown on deciduous trees.","She sliced a ripe, juicy pear and served it alongside sharp blue cheese.",/per/,B1,pome | orchard fruit,,ፒር | ፔር | የፒር ፍሬ
petal,noun,"Each of the individual segments of the corolla of a flower, which are modified leaves and typically vividly colored.",Delicate pink petals fell gently from the cherry blossom trees in the spring breeze.,/ˈpetl/,B1,floral leaf | corolla leaf,,የአበባ ቅጠል | የፈካ ቅጠል
pharmacy,noun,"A shop, retail store, or hospital department where medicinal prescription drugs and remedies are prepared and dispensed.",He took the prescription directly to the neighborhood pharmacy to obtain the required medicine.,/ˈfɑːrməsi/,B1,drugstore | chemist | dispensary | apothecary,,መድኃኒት ቤት | ፋርማሲ
pyjamas,noun,"A set of loose-fitting clothes consisting of trousers and a top, worn specifically for sleeping in bed.","Before going to sleep, he washed his face and changed into warm flannel pyjamas.",/pəˈdʒɑːməz/,B1,sleepwear | nightwear | pajamas | nightclothes,,ፒጃማ | የመኝታ ልብስ
quiz,noun,"A short, informal test of knowledge, or an entertaining competition in which participants answer questions.","Every Friday morning, our history teacher gives a short quiz covering the weekly reading assignments.",/kwɪz/,B1,test | examination | trivia | questionnaire,,አጭር ፈተና | ጥያቄ እና መልስ | ምዘና
refund,noun,"A repayment of money, typically provided to a dissatisfied customer or after an overpayment.",The retail store issued a full refund when the purchased appliance malfunctioned immediately.,/ˈriːfʌnd/,B1,reimbursement | rebate | repayment | return,charge | fine | payment,የገንዘብ ተመላሽ | ተመላሽ ገንዘብ
rhyme,noun,"A repetition of similar sounding syllables, especially at the ends of corresponding lines in poetry or lyrics.",The nursery teacher taught the toddlers a simple bedtime rhyme about the stars.,/raɪm/,B1,verse | poem | poetic cadence | assonance,,ቤት መምታት | ስንኝ | የመጨረሻ ቃል ዜማ
rugby,noun,A contact sport played with an oval ball between two teams of fifteen or thirteen players using hands and feet.,He represented his university team in the national rugby championship each spring.,/ˈrʌɡbi/,B1,rugby football | rugger,,ራግቢ | የራግቢ ጨዋታ
scissors,noun,A cutting instrument consisting of two pivoted blades that slide against each other when handles are closed.,She picked up a sharp pair of scissors to cut the wrapping paper into neat rectangles.,/ˈsɪzərz/,B1,shears | clippers | cutters,,መቀስ
shovel,noun,"A hand tool with a broad, flat or scooped blade attached to a long handle, used for digging or lifting loose materials.",He cleared the heavy winter snow from the walkways using a sturdy metal shovel.,/ˈʃʌvəl/,B1,spade | scoop | trowel,,አካፋ
skinny,adj,"Very thin or lean, especially to the point of appearing underweight or frail.","As a growing adolescent boy, he was tall and skinny, always outgrowing his pants.",/ˈskɪni/,B1,thin | slender | lean | scrawny,fat | plump | chubby | obese,ቀጭን | ሰስ ያለ | ከሲታ
slipper,noun,"A light, comfortable, and soft slip-on shoe designed primarily for indoor wear.",He took off his muddy boots at the front entrance and slipped his feet into soft fleece slippers.,/ˈslɪpər/,B1,house shoe | mule | moccasin | slip-on,,የቤት ጫማ | ፓንቶፍል
slippery,adj,"Smooth, wet, or polished so as to cause slipping or to be difficult to hold or stand upon.",Walk carefully across the wooden bridge because the damp planks become extremely slippery in the rain.,/ˈslɪpəri/,B1,slick | greasy | slithery | icy,rough | dry | coarse | tractional,የሚያንሸራትት | ሙልጭልጭ ያለ
slum,noun,"An overcrowded, squalid, and impoverished urban area characterized by dilapidated housing and poor sanitation.",City planners are working with international donors to bring clean drinking water to residents in the slum.,/slʌm/,B1,shantytown | ghetto | squalor | informal settlement,wealthy district | affluent neighborhood,የድሆች መንደር | ጎስቋላ ሰፈር
soda,noun,"A sweet carbonated soft drink, or carbonated effervescent water used on its own or as a mixer.",She quenched her thirst with an ice-cold can of lemon soda after running five miles.,/ˈsoʊdə/,B1,soft drink | carbonated beverage | pop | fizzy drink,,ለስላሳ መጠጥ | ሶዳ
sponge,noun,"A piece of light, absorbent, porous material used for cleaning, bathing, or absorbing liquids.",He used a moist soapy sponge to wipe away the oil smudges left on the car windshield.,/spʌndʒ/,B1,absorber | swab | foam pad,,ሰፍነግ | ስፖንጅ
squirrel,noun,"An agile, tree-dwelling rodent characterized by a long bushy tail and a diet primarily consisting of nuts and seeds.",A red squirrel leaped skillfully between the pine branches to hide nuts for the oncoming winter.,/ˈskwɜːrəl/,B1,tree rodent | sciurid,,ቄሮምቢ | ሽኮኮ
stew,noun,"A hearty dish of meat, poultry, or vegetables cooked slowly together in liquid inside a covered pot.","The tantalizing aroma of simmering beef and root vegetable stew filled the warm, cozy kitchen.",/stuː/,B1,casserole | ragout | chowder | hotpot,,ወጥ | የተቀቀለ ምግብ
syllable,noun,A unit of spoken language consisting of a single uninterrupted vowel sound with or without surrounding consonants.,The kindergarten teacher encouraged the children to clap their hands once for every syllable they spoke.,/ˈsɪləbəl/,B1,sound unit | phonological unit,,ክፍለ-ቃል | ቃላዊ ድምፅ
syrup,noun,"A thick, viscous, sweet liquid prepared by dissolving concentrated sugar in water, often flavored or medicated.",The pediatrician prescribed a sweet cough syrup to soothe the child's irritated throat.,/ˈsɪrəp/,B1,treacle | molasses | nectar,,ሽሮፕ | ጣፋጭ ፈሳሽ | ማር መሰል ፈሳሽ
tattoo,noun,A permanent design or mark made on the body by inserting indelible pigment into the skin with needles.,She decided to get a small floral tattoo etched on her wrist to commemorate the occasion.,/tæˈtuː/,B1,body art | skin marking | ink,,ንቅሳት | ንቅሳት ማስነሳት
trash,noun,"Discarded waste material, garbage, or refuse; or items and cultural work regarded as cheap and worthless.",Volunteers collected plastic bags and other trash scattered along the community hiking trail.,/træʃ/,B1,garbage | rubbish | waste | refuse,,ቆሻሻ | ውዳቂ | ጥራጊ
trolley,noun,"A wheeled basket or cart pushed by hand to transport goods or luggage, or an electric streetcar running on rails.",She loaded all her heavy bags onto an airport trolley before heading to the customs checkpoint.,/ˈtrɑːli/,B1,cart | handcart | luggage cart | streetcar,,የትሮሊ ጋሪ | ጋሪ | የሻንጣ መግፊያ
tuition,noun,"The fee charged for teaching or instructional services at a private school, college, or university.",She applied for an academic scholarship to help cover the rising cost of college tuition.,/tuːˈɪʃən/,B1,instruction | schooling | teaching | education fee,,የትምህርት ክፍያ | የማስተማር አገልግሎት | ትምህርት
tuna,noun,"A large, warm-blooded predatory saltwater fish of the mackerel family, prized globally as a commercial food fish.",Fresh yellowfin tuna was sliced into delicate sashimi and served at the seafood restaurant.,/ˈtuːnə/,B1,tunny | albacore | bluefin,,ቱና | የቱና ዓሣ
vacancy,noun,"An unoccupied position, job, room, or space available for use.",The company advertised a vacancy in their marketing department for a senior graphic designer.,/ˈveɪkənsi/,B1,opening | job opening | emptiness | void,occupancy | fullness,ክፍት የሥራ ቦታ | ክፍት ቦታ | ባዶ ቦታ
vaccinate,verb,To administer a vaccine to a person or animal to produce immunity against an infectious disease.,Health workers visited rural clinics to vaccinate children against polio and measles.,/ˈvæksɪneɪt/,B1,immunize | inoculate | jab | inject,,መከተብ | ክትባት መስጠት
villain,noun,"A wicked or evil character in a story, play, or film, or a person guilty of criminal or malicious actions.","The comic book superhero spent decades fighting against his arch nemesis, the villain.",/ˈvɪlən/,B1,antagonist | rogue | scoundrel | malefactor,hero | protagonist | benefactor,ክፉ ገፀ ባህሪ | ወንጀለኛ | ጨካኝ ሰው | ተንኮለኛ
vomit,verb,To eject matter from the stomach involuntarily through the mouth.,The contaminated food caused several wedding guests to vomit during the night.,/ˈvɒmɪt/,B1,throw up | puke | regurgitate | retch,,ማስመለስ | ማስታወክ
warranty,noun,A written guarantee from a manufacturer promising to repair or replace an article if it proves defective within a specified period.,The new laptop comes with a two-year manufacturer warranty covering hardware defects.,/ˈwɔːrənti/,B1,guarantee | assurance | covenant | pledge,,ዋስትና | የዋስትና ሰነድ | ዋስትና መስጫ
wasp,noun,"A winged stinging insect with a slender body and narrow waist, related to bees and ants.","A yellow wasp buzzed aggressively around our picnic table, attracted by the sweet lemonade.",/wɒsp/,B1,hornet | stinging insect,,ተርብ
wig,noun,"An artificial head of hair worn by a person to conceal baldness, as part of a costume, or in theatrical performances.",The actor wore an ornate white wig for his role as an eighteenth-century judge.,/wɪɡ/,B1,hairpiece | toupee | periwig,,ሰው ሰራሽ ፀጉር | ዊግ
yawn,verb,"To involuntarily open one's mouth wide and inhale deeply due to tiredness, fatigue, or boredom.","Tired after a sleepless night studying, the student could not help but yawn throughout the morning lecture.",/jɔːn/,B1,gape | open wide,,ማዛጋት
